distance_m,x_m,y_m,elevation_m,segment_index
0.0,0.0000,0.0000,0.0000,0
1.0,0.0000,1.0000,0.0079,0
2.0,0.0000,2.0000,0.0157,0
3.0,0.0000,3.0000,0.0236,0
4.0,0.0000,4.0000,0.0315,0
5.0,0.0000,5.0000,0.0394,0
6.0,0.0000,6.0000,0.0472,0
7.0,0.0000,7.0000,0.0551,0
8.0,0.0000,8.0000,0.0630,0
9.0,0.0000,9.0000,0.0708,0
10.0,0.0000,10.0000,0.0787,0
11.0,0.0000,11.0000,0.0866,0
12.0,0.0000,12.0000,0.0945,0
13.0,0.0000,13.0000,0.1023,0
14.0,0.0000,14.0000,0.1102,0
15.0,0.0000,15.0000,0.1181,0
16.0,0.0000,16.0000,0.1259,0
17.0,0.0000,17.0000,0.1338,0
18.0,0.0000,18.0000,0.1417,0
19.0,0.0000,19.0000,0.1496,0
20.0,0.0000,20.0000,0.1574,0
21.0,0.0000,21.0000,0.1653,0
22.0,0.0000,22.0000,0.1732,0
23.0,0.0000,23.0000,0.1810,0
24.0,0.0000,24.0000,0.1889,0
25.0,0.0000,25.0000,0.1968,0
26.0,0.0000,26.0000,0.2046,0
27.0,0.0000,27.0000,0.2125,0
28.0,0.0000,28.0000,0.2204,0
29.0,0.0000,29.0000,0.2283,0
30.0,0.0000,30.0000,0.2361,0
31.0,0.0000,31.0000,0.2440,0
32.0,0.0000,32.0000,0.2519,0
33.0,0.0000,33.0000,0.2597,0
34.0,0.0000,34.0000,0.2676,0
35.0,0.0000,35.0000,0.2755,0
36.0,0.0000,36.0000,0.2834,0
37.0,0.0000,37.0000,0.2912,0
38.0,0.0000,38.0000,0.2991,0
39.0,0.0000,39.0000,0.3070,0
40.0,0.0000,40.0000,0.3148,0
41.0,0.0000,41.0000,0.3227,0
42.0,0.0000,42.0000,0.3306,0
43.0,0.0000,43.0000,0.3385,0
44.0,0.0000,44.0000,0.3463,0
45.0,0.0000,45.0000,0.3542,0
46.0,0.0000,46.0000,0.3621,0
47.0,0.0000,47.0000,0.3699,0
48.0,0.0000,48.0000,0.3778,0
49.0,0.0000,49.0000,0.3857,0
50.0,0.0000,50.0000,0.3936,0
51.0,0.0000,51.0000,0.4014,0
52.0,0.0000,52.0000,0.4093,0
53.0,0.0000,53.0000,0.4172,0
54.0,0.0000,54.0000,0.4250,0
55.0,0.0000,55.0000,0.4329,0
56.0,0.0000,56.0000,0.4408,0
57.0,0.0000,57.0000,0.4487,0
58.0,0.0000,58.0000,0.4565,0
59.0,0.0000,59.0000,0.4644,0
60.0,0.0000,60.0000,0.4723,0
61.0,0.0000,61.0000,0.4801,0
62.0,0.0000,62.0000,0.4880,0
63.0,0.0000,63.0000,0.4959,0
64.0,0.0000,64.0000,0.5038,0
65.0,0.0000,65.0000,0.5116,0
66.0,0.0000,66.0000,0.5195,0
67.0,0.0000,67.0000,0.5274,0
68.0,0.0000,68.0000,0.5352,0
69.0,0.0000,69.0000,0.5431,0
70.0,0.0000,70.0000,0.5510,0
71.0,0.0000,71.0000,0.5589,0
72.0,0.0000,72.0000,0.5667,0
73.0,0.0000,73.0000,0.5746,0
74.0,0.0000,74.0000,0.5825,0
75.0,0.0000,75.0000,0.5903,0
76.0,0.0000,76.0000,0.5982,0
77.0,0.0000,77.0000,0.6061,0
78.0,0.0000,78.0000,0.6139,0
79.0,0.0000,79.0000,0.6218,0
80.0,0.0000,80.0000,0.6297,0
81.0,0.0000,81.0000,0.6376,0
82.0,0.0000,82.0000,0.6454,0
83.0,0.0000,83.0000,0.6533,0
84.0,0.0000,84.0000,0.6612,0
85.0,0.0000,85.0000,0.6690,0
86.0,0.0000,86.0000,0.6769,0
87.0,0.0000,87.0000,0.6848,0
88.0,0.0000,88.0000,0.6927,1
89.0,-0.0132,88.9999,0.7005,1
90.0,-0.0439,89.9994,0.7084,1
91.0,-0.0921,90.9982,0.7163,1
92.0,-0.1578,91.9961,0.7241,1
93.0,-0.2411,92.9926,0.7320,1
94.0,-0.3418,93.9875,0.7399,1
95.0,-0.4599,94.9805,0.7478,1
96.0,-0.5955,95.9713,0.7556,1
97.0,-0.7484,96.9595,0.7635,1
98.0,-0.9186,97.9449,0.7714,1
99.0,-1.1061,98.9271,0.7792,1
100.0,-1.3107,99.9060,0.7871,1
101.0,-1.5326,100.8810,0.7950,1
102.0,-1.7714,101.8521,0.8029,1
103.0,-2.0273,102.8188,0.8107,1
104.0,-2.3001,103.7808,0.8186,1
105.0,-2.5898,104.7379,0.8265,1
106.0,-2.8962,105.6898,0.8343,1
107.0,-3.2192,106.6362,0.8422,1
108.0,-3.5588,107.5768,0.8501,1
109.0,-3.9149,108.5112,0.8580,1
110.0,-4.2873,109.4393,0.8658,1
111.0,-4.6759,110.3607,0.8737,1
112.0,-5.0806,111.2751,0.8816,1
113.0,-5.5013,112.1823,0.8894,1
114.0,-5.9378,113.0820,0.8973,1
115.0,-6.3901,113.9739,0.9052,1
116.0,-6.8579,114.8577,0.9131,1
117.0,-7.3411,115.7331,0.9209,1
118.0,-7.8397,116.6000,0.9288,1
119.0,-8.3534,117.4579,0.9367,1
120.0,-8.8820,118.3068,0.9445,1
121.0,-9.4255,119.1462,0.9524,1
122.0,-9.9836,119.9760,0.9603,1
123.0,-10.5562,120.7958,0.9682,1
124.0,-11.1430,121.6055,0.9760,1
125.0,-11.7440,122.4047,0.9839,1
126.0,-12.3589,123.1933,0.9918,1
127.0,-12.9876,123.9710,0.9996,1
128.0,-13.6298,124.7375,1.0075,1
129.0,-14.2853,125.4926,1.0154,1
130.0,-14.9540,126.2362,1.0232,1
131.0,-15.6356,126.9678,1.0311,1
132.0,-16.3300,127.6875,1.0390,1
133.0,-17.0369,128.3948,1.0469,1
134.0,-17.7560,129.0896,1.0547,1
135.0,-18.4873,129.7717,1.0626,1
136.0,-19.2304,130.4408,1.0705,1
137.0,-19.9851,131.0968,1.0783,1
138.0,-20.7513,131.7395,1.0862,1
139.0,-21.5286,132.3686,1.0941,1
140.0,-22.3168,132.9840,1.1020,1
141.0,-23.1156,133.5855,1.1098,1
142.0,-23.9249,134.1729,1.1177,1
143.0,-24.7444,134.7460,1.1256,1
144.0,-25.5738,135.3046,1.1334,1
145.0,-26.4129,135.8486,1.1413,1
146.0,-27.2614,136.3777,1.1492,1
147.0,-28.1191,136.8920,1.1571,1
148.0,-28.9856,137.3910,1.1649,1
149.0,-29.8608,137.8748,1.1728,1
150.0,-30.7443,138.3432,1.1807,1
151.0,-31.6359,138.7960,1.1885,1
152.0,-32.5353,139.2331,1.1964,1
153.0,-33.4422,139.6544,1.2043,1
154.0,-34.3564,140.0597,1.2122,1
155.0,-35.2775,140.4488,1.2200,1
156.0,-36.2054,140.8218,1.2279,1
157.0,-37.1396,141.1784,1.2358,1
158.0,-38.0799,141.5186,1.2436,1
159.0,-39.0261,141.8422,1.2515,1
160.0,-39.9778,142.1492,1.2594,1
161.0,-40.9348,142.4395,1.2673,1
162.0,-41.8966,142.7129,1.2751,1
163.0,-42.8632,142.9694,1.2830,1
164.0,-43.8341,143.2089,1.2909,1
165.0,-44.8090,143.4313,1.2987,1
166.0,-45.7877,143.6366,1.3066,1
167.0,-46.7698,143.8247,1.3145,1
168.0,-47.7551,143.9955,1.3224,1
169.0,-48.7432,144.1490,1.3302,1
170.0,-49.7339,144.2852,1.3381,1
171.0,-50.7268,144.4039,1.3460,1
172.0,-51.7217,144.5052,1.3538,1
173.0,-52.7181,144.5891,1.3617,1
174.0,-53.7159,144.6555,1.3696,1
175.0,-54.7147,144.7043,1.3775,1
176.0,-55.7142,144.7356,1.3853,1
177.0,-56.7141,144.7494,1.3932,1
178.0,-57.7141,144.7456,1.4011,1
179.0,-58.7138,144.7243,1.4089,1
180.0,-59.7131,144.6855,1.4168,1
181.0,-60.7115,144.6291,1.4247,1
182.0,-61.7087,144.5553,1.4325,1
183.0,-62.7045,144.4639,1.4404,1
184.0,-63.6986,144.3551,1.4483,1
185.0,-64.6906,144.2289,1.4562,1
186.0,-65.6802,144.0852,1.4640,1
187.0,-66.6671,143.9243,1.4719,1
188.0,-67.6511,143.7460,1.4798,1
189.0,-68.6318,143.5506,1.4876,1
190.0,-69.6089,143.3379,1.4955,1
191.0,-70.5821,143.1082,1.5034,1
192.0,-71.5512,142.8614,1.5113,1
193.0,-72.5158,142.5976,1.5191,1
194.0,-73.4756,142.3170,1.5270,1
195.0,-74.4303,142.0195,1.5349,1
196.0,-75.3796,141.7054,1.5427,1
197.0,-76.3234,141.3746,1.5506,1
198.0,-77.2630,141.0326,1.5585,2
199.0,-78.2027,140.6906,1.5664,2
200.0,-79.1424,140.3486,1.5742,2
201.0,-80.0821,140.0066,1.5821,2
202.0,-81.0218,139.6645,1.5900,2
203.0,-81.9615,139.3225,1.5978,2
204.0,-82.9012,138.9805,1.6057,2
205.0,-83.8409,138.6385,1.6136,2
206.0,-84.7806,138.2965,1.6215,2
207.0,-85.7203,137.9544,1.6293,2
208.0,-86.6600,137.6124,1.6372,2
209.0,-87.5997,137.2704,1.6451,2
210.0,-88.5394,136.9284,1.6529,2
211.0,-89.4790,136.5864,1.6606,2
212.0,-90.4187,136.2443,1.6677,2
213.0,-91.3584,135.9023,1.6744,2
214.0,-92.2981,135.5603,1.6804,2
215.0,-93.2378,135.2183,1.6860,2
216.0,-94.1775,134.8763,1.6910,2
217.0,-95.1172,134.5342,1.6956,2
218.0,-96.0569,134.1922,1.6995,2
219.0,-96.9966,133.8502,1.7030,2
220.0,-97.9363,133.5082,1.7059,2
221.0,-98.8760,133.1662,1.7083,2
222.0,-99.8157,132.8241,1.7102,2
223.0,-100.7554,132.4821,1.7116,2
224.0,-101.6951,132.1401,1.7124,2
225.0,-102.6347,131.7981,1.7127,2
226.0,-103.5744,131.4561,1.7125,2
227.0,-104.5141,131.1140,1.7117,2
228.0,-105.4538,130.7720,1.7104,2
229.0,-106.3935,130.4300,1.7086,2
230.0,-107.3332,130.0880,1.7063,2
231.0,-108.2729,129.7460,1.7034,2
232.0,-109.2126,129.4039,1.7000,2
233.0,-110.1523,129.0619,1.6961,2
234.0,-111.0920,128.7199,1.6917,2
235.0,-112.0317,128.3779,1.6867,2
236.0,-112.9714,128.0359,1.6812,2
237.0,-113.9111,127.6938,1.6752,2
238.0,-114.8508,127.3518,1.6687,2
239.0,-115.7904,127.0098,1.6616,2
240.0,-116.7301,126.6678,1.6540,2
241.0,-117.6698,126.3258,1.6459,2
242.0,-118.6095,125.9837,1.6373,2
243.0,-119.5492,125.6417,1.6281,2
244.0,-120.4889,125.2997,1.6184,2
245.0,-121.4286,124.9577,1.6082,2
246.0,-122.3683,124.6157,1.5974,2
247.0,-123.3080,124.2736,1.5861,2
248.0,-124.2477,123.9316,1.5743,2
249.0,-125.1874,123.5896,1.5620,2
250.0,-126.1271,123.2476,1.5491,2
251.0,-127.0668,122.9056,1.5357,2
252.0,-128.0064,122.5635,1.5218,2
253.0,-128.9461,122.2215,1.5074,2
254.0,-129.8858,121.8795,1.4924,2
255.0,-130.8255,121.5375,1.4769,2
256.0,-131.7652,121.1955,1.4609,2
257.0,-132.7049,120.8534,1.4444,2
258.0,-133.6446,120.5114,1.4273,2
259.0,-134.5843,120.1694,1.4097,2
260.0,-135.5240,119.8274,1.3916,2
261.0,-136.4637,119.4854,1.3730,2
262.0,-137.4034,119.1433,1.3538,3
263.0,-138.3431,118.8013,1.3341,3
264.0,-139.2828,118.4593,1.3139,3
265.0,-140.2225,118.1173,1.2931,3
266.0,-141.1621,117.7753,1.2718,3
267.0,-142.1018,117.4332,1.2500,3
268.0,-143.0415,117.0912,1.2277,3
269.0,-143.9812,116.7492,1.2048,3
270.0,-144.9209,116.4072,1.1814,3
271.0,-145.8606,116.0652,1.1575,3
272.0,-146.8003,115.7231,1.1331,3
273.0,-147.7400,115.3811,1.1081,3
274.0,-148.6797,115.0391,1.0826,3
275.0,-149.6194,114.6971,1.0566,3
276.0,-150.5591,114.3550,1.0301,3
277.0,-151.4988,114.0130,1.0030,3
278.0,-152.4385,113.6710,0.9754,3
279.0,-153.3781,113.3290,0.9473,3
280.0,-154.3178,112.9870,0.9187,3
281.0,-155.2575,112.6449,0.8895,3
282.0,-156.1972,112.3029,0.8598,3
283.0,-157.1369,111.9609,0.8296,3
284.0,-158.0766,111.6189,0.7988,3
285.0,-159.0163,111.2769,0.7675,3
286.0,-159.9560,110.9348,0.7357,3
287.0,-160.8957,110.5928,0.7034,3
288.0,-161.8354,110.2508,0.6705,3
289.0,-162.7751,109.9088,0.6371,3
290.0,-163.7148,109.5668,0.6032,3
291.0,-164.6545,109.2247,0.5688,3
292.0,-165.5942,108.8827,0.5338,3
293.0,-166.5338,108.5407,0.4983,3
294.0,-167.4735,108.1987,0.4623,3
295.0,-168.4132,107.8567,0.4258,3
296.0,-169.3529,107.5146,0.3887,3
297.0,-170.2926,107.1726,0.3511,3
298.0,-171.2323,106.8306,0.3130,3
299.0,-172.1720,106.4886,0.2744,3
300.0,-173.1117,106.1466,0.2352,3
301.0,-174.0514,105.8045,0.1955,3
302.0,-174.9911,105.4625,0.1553,3
303.0,-175.9308,105.1205,0.1145,3
304.0,-176.8705,104.7785,0.0732,3
305.0,-177.8102,104.4365,0.0314,3
306.0,-178.7498,104.0944,-0.0109,3
307.0,-179.6895,103.7524,-0.0538,3
308.0,-180.6292,103.4104,-0.0972,3
309.0,-181.5689,103.0684,-0.1411,3
310.0,-182.5086,102.7264,-0.1855,3
311.0,-183.4483,102.3843,-0.2305,3
312.0,-184.3880,102.0423,-0.2760,3
313.0,-185.3277,101.7003,-0.3219,3
314.0,-186.2674,101.3583,-0.3679,3
315.0,-187.2071,101.0163,-0.4139,3
316.0,-188.1468,100.6742,-0.4599,3
317.0,-189.0865,100.3322,-0.5059,3
318.0,-190.0262,99.9902,-0.5519,3
319.0,-190.9659,99.6482,-0.5979,3
320.0,-191.9055,99.3062,-0.6439,3
321.0,-192.8452,98.9641,-0.6899,3
322.0,-193.7849,98.6221,-0.7359,3
323.0,-194.7246,98.2801,-0.7819,3
324.0,-195.6643,97.9381,-0.8279,3
325.0,-196.6040,97.5961,-0.8739,3
326.0,-197.5484,97.2674,-0.9199,4
327.0,-198.5004,96.9614,-0.9659,4
328.0,-199.4594,96.6781,-1.0119,4
329.0,-200.4249,96.4177,-1.0579,4
330.0,-201.3963,96.1803,-1.1039,4
331.0,-202.3730,95.9662,-1.1499,4
332.0,-203.3546,95.7754,-1.1959,4
333.0,-204.3405,95.6080,-1.2419,4
334.0,-205.3301,95.4641,-1.2879,4
335.0,-206.3228,95.3438,-1.3339,4
336.0,-207.3181,95.2472,-1.3799,4
337.0,-208.3154,95.1743,-1.4259,4
338.0,-209.3141,95.1251,-1.4719,4
339.0,-210.3138,95.0998,-1.5179,4
340.0,-211.3137,95.0983,-1.5639,4
341.0,-212.3135,95.1205,-1.6099,4
342.0,-213.3124,95.1666,-1.6559,4
343.0,-214.3099,95.2364,-1.7019,4
344.0,-215.3055,95.3300,-1.7479,4
345.0,-216.2986,95.4472,-1.7939,4
346.0,-217.2886,95.5881,-1.8399,4
347.0,-218.2749,95.7524,-1.8859,4
348.0,-219.2571,95.9403,-1.9319,4
349.0,-220.2345,96.1514,-1.9779,4
350.0,-221.2067,96.3857,-2.0239,4
351.0,-222.1729,96.6432,-2.0699,4
352.0,-223.1328,96.9235,-2.1159,4
353.0,-224.0857,97.2267,-2.1619,4
354.0,-225.0312,97.5524,-2.2079,4
355.0,-225.9686,97.9005,-2.2539,4
356.0,-226.8974,98.2709,-2.2999,4
357.0,-227.8172,98.6633,-2.3459,4
358.0,-228.7274,99.0774,-2.3919,4
359.0,-229.6274,99.5132,-2.4379,4
360.0,-230.5169,99.9702,-2.4839,4
361.0,-231.3952,100.4482,-2.5299,4
362.0,-232.2618,100.9471,-2.5759,4
363.0,-233.1164,101.4664,-2.6219,4
364.0,-233.9583,102.0059,-2.6679,4
365.0,-234.7872,102.5653,-2.7139,4
366.0,-235.6025,103.1443,-2.7599,4
367.0,-236.4038,103.7426,-2.8059,4
368.0,-237.1906,104.3597,-2.8519,4
369.0,-237.9625,104.9954,-2.8979,4
370.0,-238.7191,105.6493,-2.9439,4
371.0,-239.4599,106.3210,-2.9899,4
372.0,-240.1844,107.0102,-3.0359,4
373.0,-240.8924,107.7164,-3.0819,4
374.0,-241.5833,108.4393,-3.1279,4
375.0,-242.2569,109.1784,-3.1739,4
376.0,-242.9126,109.9334,-3.2199,4
377.0,-243.5502,110.7038,-3.2659,4
378.0,-244.1692,111.4891,-3.3119,4
379.0,-244.7694,112.2890,-3.3579,4
380.0,-245.3504,113.1029,-3.4039,4
381.0,-245.9118,113.9304,-3.4499,4
382.0,-246.4533,114.7710,-3.4959,4
383.0,-246.9747,115.6243,-3.5419,4
384.0,-247.4757,116.4898,-3.5879,4
385.0,-247.9559,117.3669,-3.6339,4
386.0,-248.4150,118.2552,-3.6799,4
387.0,-248.8529,119.1542,-3.7259,4
388.0,-249.2755,120.0605,-3.7719,5
389.0,-249.6981,120.9668,-3.8179,5
390.0,-250.1208,121.8731,-3.8639,5
391.0,-250.5434,122.7795,-3.9099,5
392.0,-250.9660,123.6858,-3.9559,5
393.0,-251.3886,124.5921,-4.0019,5
394.0,-251.8112,125.4984,-4.0479,5
395.0,-252.2339,126.4047,-4.0939,5
396.0,-252.6565,127.3110,-4.1399,5
397.0,-253.0791,128.2173,-4.1859,5
398.0,-253.5017,129.1236,-4.2319,5
399.0,-253.9243,130.0299,-4.2779,5
400.0,-254.3469,130.9362,-4.3239,5
401.0,-254.7696,131.8425,-4.3699,5
402.0,-255.1922,132.7488,-4.4159,5
403.0,-255.6148,133.6552,-4.4619,5
404.0,-256.0374,134.5615,-4.5079,5
405.0,-256.4600,135.4678,-4.5539,5
406.0,-256.8827,136.3741,-4.5999,5
407.0,-257.3053,137.2804,-4.6459,5
408.0,-257.7279,138.1867,-4.6919,5
409.0,-258.1505,139.0930,-4.7379,5
410.0,-258.5731,139.9993,-4.7839,5
411.0,-258.9957,140.9056,-4.8299,5
412.0,-259.4184,141.8119,-4.8759,5
413.0,-259.8410,142.7182,-4.9219,5
414.0,-260.2636,143.6245,-4.9679,5
415.0,-260.6862,144.5308,-5.0139,5
416.0,-261.1088,145.4372,-5.0599,5
417.0,-261.5315,146.3435,-5.1059,5
418.0,-261.9541,147.2498,-5.1519,5
419.0,-262.3767,148.1561,-5.1979,5
420.0,-262.7993,149.0624,-5.2439,5
421.0,-263.2219,149.9687,-5.2899,5
422.0,-263.6445,150.8750,-5.3359,5
423.0,-264.0672,151.7813,-5.3819,5
424.0,-264.4898,152.6876,-5.4279,5
425.0,-264.9124,153.5939,-5.4739,5
426.0,-265.3350,154.5002,-5.5199,5
427.0,-265.7576,155.4065,-5.5659,5
428.0,-266.1803,156.3128,-5.6119,5
429.0,-266.6029,157.2192,-5.6579,5
430.0,-267.0255,158.1255,-5.7039,5
431.0,-267.4481,159.0318,-5.7499,5
432.0,-267.8707,159.9381,-5.7959,5
433.0,-268.2934,160.8444,-5.8419,5
434.0,-268.7160,161.7507,-5.8879,5
435.0,-269.1386,162.6570,-5.9339,5
436.0,-269.5612,163.5633,-5.9799,5
437.0,-269.9838,164.4696,-6.0259,5
438.0,-270.4064,165.3759,-6.0719,5
439.0,-270.8291,166.2822,-6.1179,5
440.0,-271.2517,167.1885,-6.1639,5
441.0,-271.6743,168.0948,-6.2099,5
442.0,-272.0969,169.0012,-6.2559,5
443.0,-272.5195,169.9075,-6.3019,5
444.0,-272.9422,170.8138,-6.3479,5
445.0,-273.3648,171.7201,-6.3939,5
446.0,-273.7874,172.6264,-6.4399,5
447.0,-274.2100,173.5327,-6.4859,5
448.0,-274.6326,174.4390,-6.5319,5
449.0,-275.0552,175.3453,-6.5779,5
450.0,-275.4779,176.2516,-6.6239,5
451.0,-275.9005,177.1579,-6.6699,5
452.0,-276.3231,178.0642,-6.7159,5
453.0,-276.7457,178.9705,-6.7619,6
454.0,-277.1683,179.8768,-6.8079,6
455.0,-277.5910,180.7832,-6.8539,6
456.0,-278.0136,181.6895,-6.8999,6
457.0,-278.4362,182.5958,-6.9459,6
458.0,-278.8588,183.5021,-6.9919,6
459.0,-279.2814,184.4084,-7.0379,6
460.0,-279.7040,185.3147,-7.0839,6
461.0,-280.1267,186.2210,-7.1299,6
462.0,-280.5493,187.1273,-7.1759,6
463.0,-280.9719,188.0336,-7.2219,6
464.0,-281.3945,188.9399,-7.2679,6
465.0,-281.8171,189.8462,-7.3139,6
466.0,-282.2398,190.7525,-7.3599,6
467.0,-282.6624,191.6588,-7.4059,6
468.0,-283.0850,192.5652,-7.4519,6
469.0,-283.5076,193.4715,-7.4979,6
470.0,-283.9302,194.3778,-7.5439,6
471.0,-284.3528,195.2841,-7.5899,6
472.0,-284.7755,196.1904,-7.6359,6
473.0,-285.1981,197.0967,-7.6819,6
474.0,-285.6207,198.0030,-7.7279,6
475.0,-286.0433,198.9093,-7.7739,6
476.0,-286.4659,199.8156,-7.8199,6
477.0,-286.8886,200.7219,-7.8659,6
478.0,-287.3112,201.6282,-7.9119,6
479.0,-287.7338,202.5345,-7.9579,6
480.0,-288.1564,203.4409,-8.0039,6
481.0,-288.5790,204.3472,-8.0499,6
482.0,-289.0016,205.2535,-8.0959,6
483.0,-289.4243,206.1598,-8.1419,6
484.0,-289.8469,207.0661,-8.1879,6
485.0,-290.2695,207.9724,-8.2339,6
486.0,-290.6921,208.8787,-8.2799,6
487.0,-291.1147,209.7850,-8.3259,6
488.0,-291.5374,210.6913,-8.3719,6
489.0,-291.9600,211.5976,-8.4179,6
490.0,-292.3826,212.5039,-8.4639,6
491.0,-292.8052,213.4102,-8.5099,6
492.0,-293.2278,214.3165,-8.5559,6
493.0,-293.6504,215.2229,-8.6019,6
494.0,-294.0731,216.1292,-8.6479,6
495.0,-294.4957,217.0355,-8.6939,6
496.0,-294.9183,217.9418,-8.7399,6
497.0,-295.3409,218.8481,-8.7859,6
498.0,-295.7635,219.7544,-8.8319,6
499.0,-296.1862,220.6607,-8.8779,6
500.0,-296.6088,221.5670,-8.9239,6
501.0,-297.0314,222.4733,-8.9699,6
502.0,-297.4540,223.3796,-9.0159,6
503.0,-297.8766,224.2859,-9.0619,7
504.0,-298.2992,225.1922,-9.1079,7
505.0,-298.7219,226.0985,-9.1539,7
506.0,-299.1445,227.0049,-9.1999,7
507.0,-299.5671,227.9112,-9.2459,7
508.0,-299.9897,228.8175,-9.2919,7
509.0,-300.4123,229.7238,-9.3379,7
510.0,-300.8350,230.6301,-9.3839,7
511.0,-301.2576,231.5364,-9.4299,7
512.0,-301.6802,232.4427,-9.4759,7
513.0,-302.1028,233.3490,-9.5219,7
514.0,-302.5254,234.2553,-9.5679,7
515.0,-302.9480,235.1616,-9.6139,7
516.0,-303.3707,236.0679,-9.6599,7
517.0,-303.7933,236.9742,-9.7059,7
518.0,-304.2159,237.8805,-9.7519,7
519.0,-304.6385,238.7869,-9.7979,7
520.0,-305.0611,239.6932,-9.8439,7
521.0,-305.4838,240.5995,-9.8899,7
522.0,-305.9064,241.5058,-9.9359,7
523.0,-306.3290,242.4121,-9.9819,7
524.0,-306.7516,243.3184,-10.0279,7
525.0,-307.1742,244.2247,-10.0739,7
526.0,-307.5968,245.1310,-10.1199,7
527.0,-308.0195,246.0373,-10.1659,7
528.0,-308.4764,246.9265,-10.2119,8
529.0,-308.9916,247.7833,-10.2579,8
530.0,-309.5627,248.6038,-10.3039,8
531.0,-310.1872,249.3845,-10.3499,8
532.0,-310.8624,250.1218,-10.3959,8
533.0,-311.5851,250.8126,-10.4413,8
534.0,-312.3522,251.4536,-10.4844,8
535.0,-313.1604,252.0421,-10.5249,8
536.0,-314.0060,252.5755,-10.5630,8
537.0,-314.8852,253.0513,-10.5986,8
538.0,-315.7941,253.4676,-10.6317,8
539.0,-316.7288,253.8223,-10.6623,8
540.0,-317.6850,254.1140,-10.6904,8
541.0,-318.6586,254.3414,-10.7160,8
542.0,-319.6451,254.5034,-10.7391,8
543.0,-320.6402,254.5993,-10.7597,8
544.0,-321.6395,254.6287,-10.7778,8
545.0,-322.6385,254.5915,-10.7934,8
546.0,-323.6328,254.4878,-10.8065,8
547.0,-324.6180,254.3181,-10.8171,8
548.0,-325.5898,254.0831,-10.8251,8
549.0,-326.5437,253.7839,-10.8307,8
550.0,-327.4755,253.4219,-10.8338,8
551.0,-328.3812,252.9986,-10.8344,9
552.0,-329.2567,252.5159,-10.8325,9
553.0,-330.0980,251.9759,-10.8281,9
554.0,-330.9015,251.3811,-10.8212,9
555.0,-331.6636,250.7341,-10.8118,9
556.0,-332.3810,250.0377,-10.7999,9
557.0,-333.0503,249.2951,-10.7855,9
558.0,-333.6687,248.5096,-10.7686,9
559.0,-334.2333,247.6846,-10.7492,9
560.0,-334.7418,246.8238,-10.7273,9
561.0,-335.1918,245.9311,-10.7028,9
562.0,-335.5813,245.0104,-10.6759,9
563.0,-335.9086,244.0658,-10.6465,9
564.0,-336.1723,243.1015,-10.6146,9
565.0,-336.3711,242.1217,-10.5802,9
566.0,-336.5043,241.1309,-10.5433,9
567.0,-336.5711,240.1334,-10.5039,9
568.0,-336.5713,239.1337,-10.4620,9
569.0,-336.5049,238.1362,-10.4176,9
570.0,-336.3723,237.1453,-10.3717,9
571.0,-336.1739,236.1654,-10.3257,9
572.0,-335.9107,235.2010,-10.2797,9
573.0,-335.5838,234.2562,-10.2337,9
574.0,-335.1947,233.3353,-10.1877,9
575.0,-334.7721,232.4290,-10.1417,10
576.0,-334.3494,231.5227,-10.0957,10
577.0,-333.9268,230.6164,-10.0497,10
578.0,-333.5042,229.7101,-10.0037,10
579.0,-333.0816,228.8038,-9.9577,10
580.0,-332.6590,227.8975,-9.9117,10
581.0,-332.2364,226.9912,-9.8657,10
582.0,-331.8137,226.0848,-9.8197,10
583.0,-331.3911,225.1785,-9.7737,10
584.0,-330.9685,224.2722,-9.7277,10
585.0,-330.5459,223.3659,-9.6817,10
586.0,-330.1233,222.4596,-9.6357,10
587.0,-329.7006,221.5533,-9.5897,10
588.0,-329.2780,220.6470,-9.5437,10
589.0,-328.8554,219.7407,-9.4977,10
590.0,-328.4328,218.8344,-9.4517,10
591.0,-328.0102,217.9281,-9.4057,10
592.0,-327.5876,217.0218,-9.3597,10
593.0,-327.1649,216.1155,-9.3137,10
594.0,-326.7423,215.2092,-9.2677,10
595.0,-326.3197,214.3028,-9.2217,10
596.0,-325.8971,213.3965,-9.1757,10
597.0,-325.4745,212.4902,-9.1297,10
598.0,-325.0518,211.5839,-9.0837,10
599.0,-324.6292,210.6776,-9.0377,10
600.0,-324.2066,209.7713,-8.9917,10
601.0,-323.7840,208.8650,-8.9457,10
602.0,-323.3614,207.9587,-8.8997,10
603.0,-322.9388,207.0524,-8.8537,10
604.0,-322.5161,206.1461,-8.8077,10
605.0,-322.0935,205.2398,-8.7617,10
606.0,-321.6709,204.3335,-8.7157,10
607.0,-321.2483,203.4272,-8.6697,10
608.0,-320.8257,202.5208,-8.6237,10
609.0,-320.4030,201.6145,-8.5777,10
610.0,-319.9804,200.7082,-8.5317,10
611.0,-319.5578,199.8019,-8.4857,10
612.0,-319.1352,198.8956,-8.4397,10
613.0,-318.7126,197.9893,-8.3937,10
614.0,-318.2899,197.0830,-8.3477,10
615.0,-317.8673,196.1767,-8.3017,10
616.0,-317.4447,195.2704,-8.2557,10
617.0,-317.0221,194.3641,-8.2097,10
618.0,-316.5995,193.4578,-8.1637,10
619.0,-316.1769,192.5515,-8.1177,10
620.0,-315.7542,191.6452,-8.0717,10
621.0,-315.3316,190.7388,-8.0257,10
622.0,-314.9090,189.8325,-7.9797,10
623.0,-314.4864,188.9262,-7.9337,10
624.0,-314.0638,188.0199,-7.8877,10
625.0,-313.6411,187.1136,-7.8417,10
626.0,-313.2185,186.2073,-7.7957,10
627.0,-312.7959,185.3010,-7.7497,10
628.0,-312.3733,184.3947,-7.7037,10
629.0,-311.9507,183.4884,-7.6577,10
630.0,-311.5281,182.5821,-7.6117,10
631.0,-311.1054,181.6758,-7.5657,10
632.0,-310.6828,180.7695,-7.5197,10
633.0,-310.2602,179.8631,-7.4737,10
634.0,-309.8376,178.9568,-7.4277,10
635.0,-309.4150,178.0505,-7.3817,10
636.0,-308.9923,177.1442,-7.3357,10
637.0,-308.5697,176.2379,-7.2897,10
638.0,-308.1471,175.3316,-7.2437,10
639.0,-307.7245,174.4253,-7.1977,10
640.0,-307.3019,173.5190,-7.1517,10
641.0,-306.8793,172.6127,-7.1057,10
642.0,-306.4566,171.7064,-7.0598,10
643.0,-306.0340,170.8001,-7.0143,10
644.0,-305.6114,169.8938,-6.9695,10
645.0,-305.1888,168.9875,-6.9251,10
646.0,-304.7662,168.0811,-6.8814,10
647.0,-304.3435,167.1748,-6.8381,10
648.0,-303.9209,166.2685,-6.7955,10
649.0,-303.4983,165.3622,-6.7534,10
650.0,-303.0757,164.4559,-6.7118,10
651.0,-302.6531,163.5496,-6.6708,10
652.0,-302.2305,162.6433,-6.6304,10
653.0,-301.8078,161.7370,-6.5905,10
654.0,-301.3852,160.8307,-6.5512,10
655.0,-300.9626,159.9244,-6.5124,10
656.0,-300.5400,159.0181,-6.4742,10
657.0,-300.1174,158.1118,-6.4365,10
658.0,-299.6947,157.2055,-6.3994,10
659.0,-299.2721,156.2991,-6.3628,10
660.0,-298.8495,155.3928,-6.3268,10
661.0,-298.4269,154.4865,-6.2914,10
662.0,-298.0043,153.5802,-6.2565,10
663.0,-297.5817,152.6739,-6.2222,10
664.0,-297.1590,151.7676,-6.1884,10
665.0,-296.7364,150.8613,-6.1552,10
666.0,-296.3138,149.9550,-6.1225,10
667.0,-295.8912,149.0487,-6.0904,10
668.0,-295.4686,148.1424,-6.0589,10
669.0,-295.0459,147.2361,-6.0279,10
670.0,-294.6233,146.3298,-5.9974,10
671.0,-294.2007,145.4235,-5.9676,10
672.0,-293.7781,144.5171,-5.9382,10
673.0,-293.3555,143.6108,-5.9095,10
674.0,-292.9329,142.7045,-5.8812,10
675.0,-292.5102,141.7982,-5.8536,10
676.0,-292.0876,140.8919,-5.8265,11
677.0,-291.6650,139.9856,-5.7999,11
678.0,-291.2424,139.0793,-5.7739,11
679.0,-290.8198,138.1730,-5.7485,11
680.0,-290.3971,137.2667,-5.7236,11
681.0,-289.9745,136.3604,-5.6993,11
682.0,-289.5519,135.4541,-5.6755,11
683.0,-289.1293,134.5478,-5.6523,11
684.0,-288.7067,133.6415,-5.6296,11
685.0,-288.2841,132.7351,-5.6075,11
686.0,-287.8614,131.8288,-5.5859,11
687.0,-287.4388,130.9225,-5.5649,11
688.0,-287.0162,130.0162,-5.5445,11
689.0,-286.5936,129.1099,-5.5246,11
690.0,-286.1710,128.2036,-5.5053,11
691.0,-285.7483,127.2973,-5.4865,11
692.0,-285.3257,126.3910,-5.4683,11
693.0,-284.9031,125.4847,-5.4506,11
694.0,-284.4805,124.5784,-5.4335,11
695.0,-284.0579,123.6721,-5.4170,11
696.0,-283.6353,122.7658,-5.4010,11
697.0,-283.2126,121.8595,-5.3855,11
698.0,-282.7900,120.9531,-5.3707,11
699.0,-282.3674,120.0468,-5.3563,11
700.0,-281.9448,119.1405,-5.3426,11
701.0,-281.5222,118.2342,-5.3293,11
702.0,-281.0995,117.3279,-5.3167,11
703.0,-280.6769,116.4216,-5.3046,11
704.0,-280.2543,115.5153,-5.2930,11
705.0,-279.8317,114.6090,-5.2820,11
706.0,-279.4091,113.7027,-5.2716,11
707.0,-278.9865,112.7964,-5.2617,11
708.0,-278.5638,111.8901,-5.2524,11
709.0,-278.1412,110.9838,-5.2436,11
710.0,-277.7186,110.0774,-5.2354,11
711.0,-277.2960,109.1711,-5.2275,11
712.0,-276.8734,108.2648,-5.2196,11
713.0,-276.4507,107.3585,-5.2117,11
714.0,-276.0281,106.4522,-5.2039,11
715.0,-275.6055,105.5459,-5.1960,11
716.0,-275.1829,104.6396,-5.1881,11
717.0,-274.7603,103.7333,-5.1802,11
718.0,-274.3376,102.8270,-5.1724,11
719.0,-273.9150,101.9207,-5.1645,11
720.0,-273.4924,101.0144,-5.1566,11
721.0,-273.0698,100.1081,-5.1488,11
722.0,-272.6472,99.2018,-5.1409,11
723.0,-272.2246,98.2954,-5.1330,11
724.0,-271.8019,97.3891,-5.1252,11
725.0,-271.3793,96.4828,-5.1173,11
726.0,-270.9567,95.5765,-5.1094,11
727.0,-270.5341,94.6702,-5.1015,11
728.0,-270.1115,93.7639,-5.0937,11
729.0,-269.6888,92.8576,-5.0858,11
730.0,-269.2662,91.9513,-5.0779,11
731.0,-268.8436,91.0450,-5.0701,11
732.0,-268.4210,90.1387,-5.0622,11
733.0,-267.9984,89.2324,-5.0543,11
734.0,-267.5758,88.3261,-5.0464,11
735.0,-267.1531,87.4198,-5.0386,11
736.0,-266.7484,86.5054,-5.0307,12
737.0,-266.3857,85.5737,-5.0228,12
738.0,-266.0656,84.6264,-5.0150,12
739.0,-265.7889,83.6656,-5.0071,12
740.0,-265.5562,82.6932,-4.9992,12
741.0,-265.3679,81.7112,-4.9913,12
742.0,-265.2244,80.7217,-4.9835,12
743.0,-265.1261,79.7266,-4.9756,12
744.0,-265.0730,78.7282,-4.9677,12
745.0,-265.0653,77.7283,-4.9599,12
746.0,-265.1031,76.7291,-4.9520,12
747.0,-265.1863,75.7327,-4.9441,12
748.0,-265.3147,74.7411,-4.9362,12
749.0,-265.4879,73.7563,-4.9284,12
750.0,-265.7058,72.7805,-4.9205,12
751.0,-265.9677,71.8155,-4.9126,12
752.0,-266.2733,70.8634,-4.9048,12
753.0,-266.6217,69.9262,-4.8969,12
754.0,-267.0124,69.0058,-4.8890,12
755.0,-267.4446,68.1041,-4.8811,12
756.0,-267.9172,67.2230,-4.8733,12
757.0,-268.4294,66.3643,-4.8654,12
758.0,-268.9801,65.5297,-4.8575,12
759.0,-269.5681,64.7210,-4.8497,12
760.0,-270.1923,63.9398,-4.8418,12
761.0,-270.8514,63.1878,-4.8339,12
762.0,-271.5439,62.4666,-4.8260,12
763.0,-272.2685,61.7775,-4.8182,12
764.0,-273.0236,61.1221,-4.8103,12
765.0,-273.8077,60.5017,-4.8024,12
766.0,-274.6193,59.9175,-4.7946,12
767.0,-275.4565,59.3708,-4.7867,12
768.0,-276.3172,58.8619,-4.7788,13
769.0,-277.1833,58.3619,-4.7710,13
770.0,-278.0493,57.8619,-4.7631,13
771.0,-278.9153,57.3619,-4.7552,13
772.0,-279.7813,56.8619,-4.7473,13
773.0,-280.6474,56.3619,-4.7395,13
774.0,-281.5134,55.8619,-4.7316,13
775.0,-282.3794,55.3619,-4.7237,13
776.0,-283.2454,54.8619,-4.7159,13
777.0,-284.1115,54.3619,-4.7080,13
778.0,-284.9775,53.8619,-4.7001,13
779.0,-285.8435,53.3619,-4.6922,13
780.0,-286.7095,52.8619,-4.6844,13
781.0,-287.5756,52.3619,-4.6765,13
782.0,-288.4416,51.8619,-4.6686,13
783.0,-289.3076,51.3619,-4.6608,13
784.0,-290.1736,50.8619,-4.6529,13
785.0,-291.0397,50.3619,-4.6450,13
786.0,-291.9057,49.8619,-4.6371,13
787.0,-292.7717,49.3619,-4.6293,13
788.0,-293.6377,48.8619,-4.6214,13
789.0,-294.5038,48.3619,-4.6135,13
790.0,-295.3698,47.8619,-4.6057,13
791.0,-296.2358,47.3619,-4.5978,13
792.0,-297.1018,46.8619,-4.5899,13
793.0,-297.9679,46.3619,-4.5820,13
794.0,-298.8339,45.8619,-4.5742,13
795.0,-299.6999,45.3619,-4.5663,13
796.0,-300.5659,44.8619,-4.5584,13
797.0,-301.4277,44.3547,-4.5506,14
798.0,-302.2810,43.8332,-4.5427,14
799.0,-303.1254,43.2975,-4.5348,14
800.0,-303.9608,42.7478,-4.5269,14
801.0,-304.7869,42.1843,-4.5191,14
802.0,-305.6034,41.6071,-4.5112,14
803.0,-306.4103,41.0164,-4.5033,14
804.0,-307.2072,40.4123,-4.4955,14
805.0,-307.9939,39.7951,-4.4876,14
806.0,-308.7702,39.1648,-4.4797,14
807.0,-309.5360,38.5216,-4.4718,14
808.0,-310.2908,37.8658,-4.4640,14
809.0,-311.0347,37.1975,-4.4561,14
810.0,-311.7673,36.5168,-4.4482,14
811.0,-312.4885,35.8241,-4.4404,14
812.0,-313.1980,35.1194,-4.4325,14
813.0,-313.8957,34.4031,-4.4246,14
814.0,-314.5813,33.6752,-4.4167,14
815.0,-315.2548,32.9359,-4.4089,14
816.0,-315.9158,32.1856,-4.4010,14
817.0,-316.5642,31.4243,-4.3931,14
818.0,-317.1998,30.6523,-4.3853,14
819.0,-317.8225,29.8699,-4.3774,14
820.0,-318.4320,29.0771,-4.3695,14
821.0,-319.0283,28.2744,-4.3617,14
822.0,-319.6024,27.4557,-4.3538,15
823.0,-320.1388,26.6119,-4.3459,15
824.0,-320.6363,25.7445,-4.3380,15
825.0,-321.0938,24.8555,-4.3302,15
826.0,-321.5105,23.9466,-4.3223,15
827.0,-321.8854,23.0196,-4.3144,15
828.0,-322.2179,22.0767,-4.3066,15
829.0,-322.5071,21.1195,-4.2987,15
830.0,-322.7526,20.1503,-4.2908,15
831.0,-322.9538,19.1708,-4.2829,15
832.0,-323.1103,18.1833,-4.2751,15
833.0,-323.2217,17.1896,-4.2672,15
834.0,-323.2879,16.1919,-4.2593,15
835.0,-323.3086,15.1923,-4.2515,15
836.0,-323.2840,14.1927,-4.2436,15
837.0,-323.2139,13.1953,-4.2357,15
838.0,-323.0986,12.2021,-4.2278,15
839.0,-322.9383,11.2152,-4.2200,15
840.0,-322.7333,10.2365,-4.2121,15
841.0,-322.4841,9.2682,-4.2042,15
842.0,-322.1911,8.3122,-4.1964,15
843.0,-321.8550,7.3705,-4.1885,15
844.0,-321.4764,6.4451,-4.1806,15
845.0,-321.0562,5.5378,-4.1727,15
846.0,-320.5952,4.6505,-4.1649,15
847.0,-320.0944,3.7851,-4.1570,15
848.0,-319.5548,2.9434,-4.1491,15
849.0,-318.9839,2.1223,-4.1413,16
850.0,-318.4104,1.3032,-4.1334,16
851.0,-317.8368,0.4840,-4.1255,16
852.0,-317.2632,-0.3351,-4.1176,16
853.0,-316.6896,-1.1543,-4.1098,16
854.0,-316.1161,-1.9734,-4.1019,16
855.0,-315.5425,-2.7926,-4.0940,16
856.0,-314.9689,-3.6117,-4.0862,16
857.0,-314.3953,-4.4309,-4.0783,16
858.0,-313.8218,-5.2500,-4.0704,16
859.0,-313.2482,-6.0692,-4.0625,16
860.0,-312.6746,-6.8883,-4.0547,16
861.0,-312.1010,-7.7075,-4.0468,16
862.0,-311.5274,-8.5266,-4.0389,16
863.0,-310.9539,-9.3458,-4.0311,16
864.0,-310.3803,-10.1649,-4.0232,16
865.0,-309.8067,-10.9841,-4.0153,16
866.0,-309.2331,-11.8032,-4.0074,16
867.0,-308.6596,-12.6224,-3.9996,16
868.0,-308.0860,-13.4415,-3.9917,16
869.0,-307.5124,-14.2607,-3.9838,16
870.0,-306.9388,-15.0798,-3.9760,16
871.0,-306.3653,-15.8990,-3.9681,16
872.0,-305.7917,-16.7182,-3.9602,16
873.0,-305.2181,-17.5373,-3.9524,16
874.0,-304.6445,-18.3565,-3.9445,16
875.0,-304.0710,-19.1756,-3.9366,16
876.0,-303.4974,-19.9948,-3.9287,16
877.0,-302.9238,-20.8139,-3.9209,16
878.0,-302.3502,-21.6331,-3.9130,16
879.0,-301.7766,-22.4522,-3.9051,16
880.0,-301.2031,-23.2714,-3.8973,16
881.0,-300.6295,-24.0905,-3.8894,16
882.0,-300.0559,-24.9097,-3.8815,16
883.0,-299.4823,-25.7288,-3.8736,16
884.0,-298.9088,-26.5480,-3.8658,16
885.0,-298.3352,-27.3671,-3.8579,16
886.0,-297.7616,-28.1863,-3.8500,16
887.0,-297.1880,-29.0054,-3.8422,16
888.0,-296.6145,-29.8246,-3.8343,16
889.0,-296.0409,-30.6437,-3.8264,16
890.0,-295.4673,-31.4629,-3.8185,16
891.0,-294.8937,-32.2820,-3.8107,16
892.0,-294.3202,-33.1012,-3.8028,16
893.0,-293.7466,-33.9203,-3.7949,16
894.0,-293.1730,-34.7395,-3.7871,16
895.0,-292.5994,-35.5586,-3.7792,16
896.0,-292.0258,-36.3778,-3.7713,16
897.0,-291.4523,-37.1970,-3.7634,16
898.0,-290.8787,-38.0161,-3.7556,16
899.0,-290.3051,-38.8353,-3.7477,16
900.0,-289.7315,-39.6544,-3.7398,16
901.0,-289.1580,-40.4736,-3.7320,16
902.0,-288.5844,-41.2927,-3.7241,16
903.0,-288.0108,-42.1119,-3.7162,16
904.0,-287.4372,-42.9310,-3.7083,16
905.0,-286.8637,-43.7502,-3.7005,16
906.0,-286.2901,-44.5693,-3.6926,16
907.0,-285.7165,-45.3885,-3.6847,16
908.0,-285.1429,-46.2076,-3.6769,16
909.0,-284.5694,-47.0268,-3.6690,16
910.0,-283.9958,-47.8459,-3.6611,16
911.0,-283.4222,-48.6651,-3.6532,16
912.0,-282.8486,-49.4842,-3.6454,16
913.0,-282.2750,-50.3034,-3.6375,16
914.0,-281.7015,-51.1225,-3.6296,16
915.0,-281.1279,-51.9417,-3.6218,16
916.0,-280.5543,-52.7608,-3.6139,16
917.0,-279.9807,-53.5800,-3.6060,16
918.0,-279.4072,-54.3991,-3.5981,16
919.0,-278.8336,-55.2183,-3.5903,16
920.0,-278.2600,-56.0375,-3.5824,16
921.0,-277.6864,-56.8566,-3.5745,16
922.0,-277.1129,-57.6758,-3.5667,16
923.0,-276.5393,-58.4949,-3.5588,16
924.0,-275.9657,-59.3141,-3.5509,16
925.0,-275.3921,-60.1332,-3.5431,16
926.0,-274.8186,-60.9524,-3.5352,16
927.0,-274.2450,-61.7715,-3.5273,16
928.0,-273.6714,-62.5907,-3.5194,16
929.0,-273.0927,-63.4062,-3.5116,17
930.0,-272.4901,-64.2041,-3.5037,17
931.0,-271.8628,-64.9828,-3.4958,17
932.0,-271.2115,-65.7416,-3.4880,17
933.0,-270.5368,-66.4796,-3.4801,17
934.0,-269.8393,-67.1962,-3.4722,17
935.0,-269.1199,-67.8906,-3.4643,17
936.0,-268.3790,-68.5623,-3.4565,17
937.0,-267.6176,-69.2104,-3.4486,17
938.0,-266.8362,-69.8344,-3.4407,17
939.0,-266.0358,-70.4338,-3.4329,17
940.0,-265.2170,-71.0078,-3.4250,17
941.0,-264.3807,-71.5559,-3.4171,17
942.0,-263.5277,-72.0777,-3.4092,17
943.0,-262.6587,-72.5726,-3.4014,17
944.0,-261.7748,-73.0400,-3.3935,17
945.0,-260.8766,-73.4796,-3.3856,17
946.0,-259.9652,-73.8910,-3.3778,17
947.0,-259.0414,-74.2736,-3.3699,17
948.0,-258.1060,-74.6272,-3.3620,17
949.0,-257.1601,-74.9514,-3.3541,17
950.0,-256.2045,-75.2459,-3.3463,17
951.0,-255.2402,-75.5104,-3.3384,17
952.0,-254.2680,-75.7447,-3.3305,17
953.0,-253.2891,-75.9484,-3.3227,17
954.0,-252.3042,-76.1215,-3.3148,17
955.0,-251.3144,-76.2637,-3.3069,17
956.0,-250.3206,-76.3749,-3.2990,17
957.0,-249.3239,-76.4550,-3.2912,17
958.0,-248.3252,-76.5039,-3.2833,17
959.0,-247.3254,-76.5216,-3.2754,17
960.0,-246.3255,-76.5080,-3.2676,17
961.0,-245.3265,-76.4632,-3.2597,17
962.0,-244.3295,-76.3873,-3.2518,17
963.0,-243.3353,-76.2802,-3.2439,17
964.0,-242.3449,-76.1420,-3.2361,17
965.0,-241.3593,-75.9731,-3.2282,17
966.0,-240.3795,-75.7734,-3.2203,17
967.0,-239.4064,-75.5431,-3.2125,17
968.0,-238.4410,-75.2826,-3.2046,17
969.0,-237.4842,-74.9921,-3.1967,17
970.0,-236.5369,-74.6718,-3.1889,17
971.0,-235.6001,-74.3221,-3.1810,17
972.0,-234.6747,-73.9432,-3.1731,17
973.0,-233.7616,-73.5357,-3.1652,17
974.0,-232.8617,-73.0998,-3.1574,17
975.0,-231.9758,-72.6360,-3.1495,17
976.0,-231.1048,-72.1447,-3.1416,17
977.0,-230.2388,-71.6447,-3.1338,18
978.0,-229.3728,-71.1447,-3.1259,18
979.0,-228.5067,-70.6447,-3.1180,18
980.0,-227.6407,-70.1447,-3.1101,18
981.0,-226.7747,-69.6447,-3.1023,18
982.0,-225.9087,-69.1447,-3.0944,18
983.0,-225.0426,-68.6447,-3.0865,18
984.0,-224.1766,-68.1447,-3.0787,18
985.0,-223.3106,-67.6447,-3.0708,18
986.0,-222.4445,-67.1447,-3.0629,18
987.0,-221.5785,-66.6447,-3.0550,18
988.0,-220.7125,-66.1447,-3.0472,18
989.0,-219.8465,-65.6447,-3.0393,18
990.0,-218.9804,-65.1447,-3.0314,18
991.0,-218.1144,-64.6447,-3.0236,18
992.0,-217.2484,-64.1447,-3.0157,18
993.0,-216.3824,-63.6447,-3.0078,18
994.0,-215.5163,-63.1447,-2.9999,18
995.0,-214.6503,-62.6447,-2.9921,18
996.0,-213.7843,-62.1447,-2.9842,18
997.0,-212.9183,-61.6447,-2.9763,18
998.0,-212.0522,-61.1447,-2.9685,18
999.0,-211.1862,-60.6447,-2.9606,18
1000.0,-210.3202,-60.1447,-2.9527,18
1001.0,-209.4542,-59.6447,-2.9448,18
1002.0,-208.5881,-59.1447,-2.9370,18
1003.0,-207.7221,-58.6447,-2.9291,18
1004.0,-206.8561,-58.1447,-2.9212,18
1005.0,-205.9901,-57.6447,-2.9134,18
1006.0,-205.1240,-57.1447,-2.9055,18
1007.0,-204.2580,-56.6447,-2.8976,18
1008.0,-203.3920,-56.1447,-2.8897,18
1009.0,-202.5260,-55.6447,-2.8819,18
1010.0,-201.6599,-55.1447,-2.8740,18
1011.0,-200.7939,-54.6447,-2.8661,18
1012.0,-199.9279,-54.1447,-2.8583,18
1013.0,-199.0619,-53.6447,-2.8504,18
1014.0,-198.1958,-53.1447,-2.8425,18
1015.0,-197.3259,-52.6515,-2.8346,19
1016.0,-196.4410,-52.1858,-2.8268,19
1017.0,-195.5420,-51.7480,-2.8189,19
1018.0,-194.6298,-51.3384,-2.8110,19
1019.0,-193.7052,-50.9576,-2.8032,19
1020.0,-192.7691,-50.6058,-2.7953,19
1021.0,-191.8225,-50.2835,-2.7874,19
1022.0,-190.8663,-49.9908,-2.7796,19
1023.0,-189.9015,-49.7282,-2.7717,19
1024.0,-188.9289,-49.4959,-2.7638,19
1025.0,-187.9495,-49.2941,-2.7559,19
1026.0,-186.9642,-49.1230,-2.7481,19
1027.0,-185.9742,-48.9827,-2.7402,19
1028.0,-184.9802,-48.8735,-2.7323,19
1029.0,-183.9833,-48.7953,-2.7245,19
1030.0,-182.9844,-48.7484,-2.7166,19
1031.0,-181.9846,-48.7327,-2.7087,19
1032.0,-180.9847,-48.7482,-2.7008,19
1033.0,-179.9858,-48.7949,-2.6930,19
1034.0,-178.9889,-48.8729,-2.6851,19
1035.0,-177.9949,-48.9819,-2.6772,19
1036.0,-177.0048,-49.1220,-2.6694,19
1037.0,-176.0196,-49.2929,-2.6615,19
1038.0,-175.0401,-49.4946,-2.6536,19
1039.0,-174.0675,-49.7267,-2.6457,19
1040.0,-173.1026,-49.9891,-2.6379,19
1041.0,-172.1463,-50.2815,-2.6300,19
1042.0,-171.1997,-50.6037,-2.6221,19
1043.0,-170.2635,-50.9553,-2.6143,19
1044.0,-169.3389,-51.3359,-2.6064,19
1045.0,-168.4265,-51.7453,-2.5985,19
1046.0,-167.5274,-52.1830,-2.5906,19
1047.0,-166.6425,-52.6485,-2.5828,19
1048.0,-165.7725,-53.1415,-2.5749,19
1049.0,-164.9183,-53.6614,-2.5670,19
1050.0,-164.0808,-54.2078,-2.5592,19
1051.0,-163.2607,-54.7800,-2.5513,19
1052.0,-162.4590,-55.3776,-2.5434,19
1053.0,-161.6763,-56.0000,-2.5355,19
1054.0,-160.9134,-56.6465,-2.5277,19
1055.0,-160.1712,-57.3165,-2.5198,19
1056.0,-159.4502,-58.0094,-2.5119,19
1057.0,-158.7512,-58.7245,-2.5041,19
1058.0,-158.0749,-59.4611,-2.4962,19
1059.0,-157.4219,-60.2184,-2.4883,19
1060.0,-156.7929,-60.9958,-2.4804,19
1061.0,-156.1885,-61.7924,-2.4726,19
1062.0,-155.6090,-62.6073,-2.4647,20
1063.0,-155.0354,-63.4265,-2.4568,20
1064.0,-154.4618,-64.2456,-2.4490,20
1065.0,-153.8882,-65.0648,-2.4411,20
1066.0,-153.3147,-65.8839,-2.4332,20
1067.0,-152.7411,-66.7031,-2.4253,20
1068.0,-152.1675,-67.5222,-2.4175,20
1069.0,-151.5939,-68.3414,-2.4096,20
1070.0,-151.0204,-69.1605,-2.4017,20
1071.0,-150.4468,-69.9797,-2.3939,20
1072.0,-149.8732,-70.7988,-2.3860,20
1073.0,-149.2996,-71.6180,-2.3781,20
1074.0,-148.7261,-72.4371,-2.3703,20
1075.0,-148.1525,-73.2563,-2.3624,20
1076.0,-147.5789,-74.0754,-2.3545,20
1077.0,-147.0053,-74.8946,-2.3466,20
1078.0,-146.4317,-75.7137,-2.3388,20
1079.0,-145.8582,-76.5329,-2.3309,20
1080.0,-145.2846,-77.3520,-2.3230,20
1081.0,-144.7110,-78.1712,-2.3152,20
1082.0,-144.1374,-78.9903,-2.3073,20
1083.0,-143.5639,-79.8095,-2.2994,20
1084.0,-142.9903,-80.6287,-2.2915,20
1085.0,-142.4167,-81.4478,-2.2837,20
1086.0,-141.8431,-82.2670,-2.2758,20
1087.0,-141.2696,-83.0861,-2.2679,20
1088.0,-140.6960,-83.9053,-2.2601,20
1089.0,-140.1224,-84.7244,-2.2522,20
1090.0,-139.5488,-85.5436,-2.2443,20
1091.0,-138.9753,-86.3627,-2.2364,20
1092.0,-138.4017,-87.1819,-2.2286,20
1093.0,-137.8281,-88.0010,-2.2207,20
1094.0,-137.2545,-88.8202,-2.2128,20
1095.0,-136.6809,-89.6393,-2.2050,20
1096.0,-136.1074,-90.4585,-2.1971,20
1097.0,-135.5338,-91.2776,-2.1892,20
1098.0,-134.9602,-92.0968,-2.1813,20
1099.0,-134.3866,-92.9159,-2.1735,20
1100.0,-133.8131,-93.7351,-2.1656,20
1101.0,-133.2395,-94.5542,-2.1577,20
1102.0,-132.6659,-95.3734,-2.1499,20
1103.0,-132.0923,-96.1925,-2.1420,20
1104.0,-131.5188,-97.0117,-2.1341,20
1105.0,-130.9452,-97.8308,-2.1262,20
1106.0,-130.3716,-98.6500,-2.1184,20
1107.0,-129.7980,-99.4691,-2.1105,20
1108.0,-129.2245,-100.2883,-2.1026,20
1109.0,-128.6509,-101.1075,-2.0948,20
1110.0,-128.0773,-101.9266,-2.0869,20
1111.0,-127.5037,-102.7458,-2.0790,20
1112.0,-126.9301,-103.5649,-2.0711,20
1113.0,-126.3566,-104.3841,-2.0633,20
1114.0,-125.7830,-105.2032,-2.0554,20
1115.0,-125.2094,-106.0224,-2.0475,20
1116.0,-124.6358,-106.8415,-2.0397,20
1117.0,-124.0623,-107.6607,-2.0318,20
1118.0,-123.4887,-108.4798,-2.0239,20
1119.0,-122.9151,-109.2990,-2.0161,20
1120.0,-122.3415,-110.1181,-2.0082,20
1121.0,-121.7680,-110.9373,-2.0003,20
1122.0,-121.1944,-111.7564,-1.9924,20
1123.0,-120.6208,-112.5756,-1.9846,20
1124.0,-120.0472,-113.3947,-1.9767,20
1125.0,-119.4737,-114.2139,-1.9688,20
1126.0,-118.9001,-115.0330,-1.9610,20
1127.0,-118.3265,-115.8522,-1.9531,20
1128.0,-117.7529,-116.6713,-1.9452,20
1129.0,-117.1793,-117.4905,-1.9373,20
1130.0,-116.6058,-118.3096,-1.9295,20
1131.0,-116.0322,-119.1288,-1.9216,20
1132.0,-115.4586,-119.9479,-1.9137,20
1133.0,-114.8850,-120.7671,-1.9059,20
1134.0,-114.3115,-121.5863,-1.8980,20
1135.0,-113.7379,-122.4054,-1.8901,20
1136.0,-113.1643,-123.2246,-1.8822,20
1137.0,-112.5907,-124.0437,-1.8744,20
1138.0,-112.0172,-124.8629,-1.8665,20
1139.0,-111.4436,-125.6820,-1.8586,20
1140.0,-110.8700,-126.5012,-1.8508,20
1141.0,-110.2964,-127.3203,-1.8429,20
1142.0,-109.7222,-128.1390,-1.8350,21
1143.0,-109.1337,-128.9475,-1.8271,21
1144.0,-108.5274,-129.7427,-1.8193,21
1145.0,-107.9035,-130.5242,-1.8114,21
1146.0,-107.2625,-131.2917,-1.8035,21
1147.0,-106.6046,-132.0447,-1.7957,21
1148.0,-105.9300,-132.7829,-1.7878,21
1149.0,-105.2393,-133.5060,-1.7799,21
1150.0,-104.5327,-134.2136,-1.7720,21
1151.0,-103.8105,-134.9052,-1.7642,21
1152.0,-103.0731,-135.5807,-1.7563,21
1153.0,-102.3209,-136.2396,-1.7484,21
1154.0,-101.5542,-136.8816,-1.7406,21
1155.0,-100.7735,-137.5064,-1.7327,21
1156.0,-99.9790,-138.1138,-1.7248,21
1157.0,-99.1713,-138.7032,-1.7169,21
1158.0,-98.3506,-139.2746,-1.7091,21
1159.0,-97.5175,-139.8276,-1.7012,21
1160.0,-96.6722,-140.3620,-1.6933,21
1161.0,-95.8153,-140.8774,-1.6855,21
1162.0,-94.9472,-141.3737,-1.6776,21
1163.0,-94.0682,-141.8506,-1.6697,21
1164.0,-93.1789,-142.3078,-1.6618,21
1165.0,-92.2796,-142.7451,-1.6540,21
1166.0,-91.3709,-143.1624,-1.6461,21
1167.0,-90.4530,-143.5594,-1.6382,21
1168.0,-89.5266,-143.9358,-1.6304,21
1169.0,-88.5921,-144.2916,-1.6225,21
1170.0,-87.6499,-144.6265,-1.6146,21
1171.0,-86.7004,-144.9405,-1.6068,21
1172.0,-85.7443,-145.2332,-1.5989,21
1173.0,-84.7818,-145.5046,-1.5910,21
1174.0,-83.8136,-145.7546,-1.5831,21
1175.0,-82.8401,-145.9830,-1.5753,21
1176.0,-81.8617,-146.1897,-1.5674,21
1177.0,-80.8790,-146.3746,-1.5595,21
1178.0,-79.8924,-146.5376,-1.5517,21
1179.0,-78.9024,-146.6787,-1.5438,21
1180.0,-77.9097,-146.7993,-1.5359,22
1181.0,-76.9153,-146.9052,-1.5280,22
1182.0,-75.9196,-146.9968,-1.5202,22
1183.0,-74.9226,-147.0743,-1.5123,22
1184.0,-73.9246,-147.1374,-1.5044,22
1185.0,-72.9258,-147.1864,-1.4966,22
1186.0,-71.9264,-147.2210,-1.4887,22
1187.0,-70.9266,-147.2414,-1.4808,22
1188.0,-69.9267,-147.2475,-1.4729,22
1189.0,-68.9267,-147.2393,-1.4651,22
1190.0,-67.9270,-147.2168,-1.4572,22
1191.0,-66.9277,-147.1800,-1.4493,22
1192.0,-65.9290,-147.1290,-1.4415,22
1193.0,-64.9311,-147.0637,-1.4336,22
1194.0,-63.9343,-146.9842,-1.4257,22
1195.0,-62.9387,-146.8904,-1.4178,22
1196.0,-61.9446,-146.7824,-1.4100,22
1197.0,-60.9521,-146.6602,-1.4021,22
1198.0,-59.9614,-146.5239,-1.3942,22
1199.0,-58.9728,-146.3734,-1.3864,22
1200.0,-57.9865,-146.2088,-1.3785,22
1201.0,-57.0026,-146.0302,-1.3706,22
1202.0,-56.0213,-145.8375,-1.3627,22
1203.0,-55.0429,-145.6308,-1.3549,22
1204.0,-54.0676,-145.4101,-1.3470,22
1205.0,-53.0955,-145.1755,-1.3391,22
1206.0,-52.1269,-144.9271,-1.3313,22
1207.0,-51.1619,-144.6649,-1.3234,22
1208.0,-50.2007,-144.3889,-1.3155,22
1209.0,-49.2436,-144.0992,-1.3076,22
1210.0,-48.2907,-143.7958,-1.2998,22
1211.0,-47.3423,-143.4789,-1.2919,22
1212.0,-46.3985,-143.1485,-1.2840,22
1213.0,-45.4595,-142.8046,-1.2762,22
1214.0,-44.5255,-142.4473,-1.2683,22
1215.0,-43.5967,-142.0768,-1.2604,22
1216.0,-42.6733,-141.6930,-1.2525,22
1217.0,-41.7555,-141.2960,-1.2447,22
1218.0,-40.8434,-140.8860,-1.2368,22
1219.0,-39.9373,-140.4630,-1.2289,22
1220.0,-39.0373,-140.0271,-1.2211,22
1221.0,-38.1437,-139.5783,-1.2132,22
1222.0,-37.2565,-139.1169,-1.2053,22
1223.0,-36.3760,-138.6428,-1.1975,22
1224.0,-35.5024,-138.1562,-1.1896,22
1225.0,-34.6358,-137.6572,-1.1817,22
1226.0,-33.7765,-137.1458,-1.1738,22
1227.0,-32.9245,-136.6223,-1.1660,22
1228.0,-32.0801,-136.0866,-1.1581,22
1229.0,-31.2435,-135.5389,-1.1502,22
1230.0,-30.4147,-134.9793,-1.1424,22
1231.0,-29.5941,-134.4079,-1.1345,22
1232.0,-28.7816,-133.8248,-1.1266,22
1233.0,-27.9776,-133.2302,-1.1187,22
1234.0,-27.1822,-132.6242,-1.1109,22
1235.0,-26.3955,-132.0069,-1.1030,22
1236.0,-25.6177,-131.3784,-1.0951,22
1237.0,-24.8490,-130.7388,-1.0873,22
1238.0,-24.0894,-130.0884,-1.0794,22
1239.0,-23.3393,-129.4271,-1.0715,22
1240.0,-22.5986,-128.7553,-1.0636,22
1241.0,-21.8677,-128.0728,-1.0558,22
1242.0,-21.1465,-127.3801,-1.0479,22
1243.0,-20.4354,-126.6771,-1.0400,22
1244.0,-19.7343,-125.9640,-1.0322,22
1245.0,-19.0435,-125.2409,-1.0243,22
1246.0,-18.3631,-124.5081,-1.0164,22
1247.0,-17.6933,-123.7656,-1.0085,22
1248.0,-17.0341,-123.0137,-1.0007,22
1249.0,-16.3857,-122.2524,-0.9928,22
1250.0,-15.7483,-121.4819,-0.9849,22
1251.0,-15.1219,-120.7023,-0.9771,22
1252.0,-14.5068,-119.9139,-0.9692,22
1253.0,-13.9029,-119.1169,-0.9613,22
1254.0,-13.3106,-118.3112,-0.9534,22
1255.0,-12.7297,-117.4972,-0.9456,22
1256.0,-12.1606,-116.6750,-0.9377,22
1257.0,-11.6033,-115.8447,-0.9298,22
1258.0,-11.0579,-115.0065,-0.9220,22
1259.0,-10.5245,-114.1607,-0.9141,22
1260.0,-10.0033,-113.3073,-0.9062,22
1261.0,-9.4943,-112.4465,-0.8983,22
1262.0,-8.9976,-111.5786,-0.8905,22
1263.0,-8.5134,-110.7036,-0.8826,22
1264.0,-8.0418,-109.8219,-0.8747,22
1265.0,-7.5828,-108.9334,-0.8669,22
1266.0,-7.1365,-108.0385,-0.8590,22
1267.0,-6.7030,-107.1374,-0.8511,22
1268.0,-6.2825,-106.2301,-0.8432,22
1269.0,-5.8750,-105.3169,-0.8354,22
1270.0,-5.4806,-104.3980,-0.8275,22
1271.0,-5.0993,-103.4736,-0.8196,22
1272.0,-4.7313,-102.5437,-0.8118,22
1273.0,-4.3766,-101.6088,-0.8039,22
1274.0,-4.0353,-100.6688,-0.7960,22
1275.0,-3.7074,-99.7241,-0.7882,22
1276.0,-3.3931,-98.7748,-0.7803,22
1277.0,-3.0924,-97.8211,-0.7724,22
1278.0,-2.8053,-96.8632,-0.7645,22
1279.0,-2.5320,-95.9013,-0.7567,22
1280.0,-2.2724,-94.9356,-0.7488,22
1281.0,-2.0266,-93.9663,-0.7409,22
1282.0,-1.7947,-92.9936,-0.7331,22
1283.0,-1.5768,-92.0176,-0.7252,22
1284.0,-1.3727,-91.0387,-0.7173,22
1285.0,-1.1827,-90.0569,-0.7094,22
1286.0,-1.0068,-89.0725,-0.7016,22
1287.0,-0.8449,-88.0857,-0.6937,22
1288.0,-0.6971,-87.0967,-0.6858,22
1289.0,-0.5635,-86.1057,-0.6780,22
1290.0,-0.4441,-85.1128,-0.6701,22
1291.0,-0.3388,-84.1184,-0.6622,22
1292.0,-0.2478,-83.1226,-0.6543,22
1293.0,-0.1710,-82.1255,-0.6465,22
1294.0,-0.1084,-81.1275,-0.6386,22
1295.0,-0.0601,-80.1287,-0.6307,22
1296.0,-0.0261,-79.1293,-0.6229,22
1297.0,-0.0063,-78.1295,-0.6150,22
1298.0,-0.0009,-77.1295,-0.6071,22
1299.0,-0.0009,-76.1295,-0.5992,23
1300.0,-0.0009,-75.1295,-0.5914,23
1301.0,-0.0009,-74.1295,-0.5835,23
1302.0,-0.0009,-73.1295,-0.5756,23
1303.0,-0.0009,-72.1295,-0.5678,23
1304.0,-0.0009,-71.1295,-0.5599,23
1305.0,-0.0009,-70.1295,-0.5520,23
1306.0,-0.0009,-69.1295,-0.5441,23
1307.0,-0.0009,-68.1295,-0.5363,23
1308.0,-0.0009,-67.1295,-0.5284,23
1309.0,-0.0009,-66.1295,-0.5205,23
1310.0,-0.0009,-65.1295,-0.5127,23
1311.0,-0.0009,-64.1295,-0.5048,23
1312.0,-0.0009,-63.1295,-0.4969,23
1313.0,-0.0009,-62.1295,-0.4890,23
1314.0,-0.0009,-61.1295,-0.4812,23
1315.0,-0.0009,-60.1295,-0.4733,23
1316.0,-0.0009,-59.1295,-0.4654,23
1317.0,-0.0009,-58.1295,-0.4576,23
1318.0,-0.0009,-57.1295,-0.4497,23
1319.0,-0.0009,-56.1295,-0.4418,23
1320.0,-0.0009,-55.1295,-0.4340,23
1321.0,-0.0009,-54.1295,-0.4261,23
1322.0,-0.0009,-53.1295,-0.4182,23
1323.0,-0.0009,-52.1295,-0.4103,23
1324.0,-0.0009,-51.1295,-0.4025,23
1325.0,-0.0009,-50.1295,-0.3946,23
1326.0,-0.0009,-49.1295,-0.3867,23
1327.0,-0.0009,-48.1295,-0.3789,23
1328.0,-0.0009,-47.1295,-0.3710,23
1329.0,-0.0009,-46.1295,-0.3631,23
1330.0,-0.0009,-45.1295,-0.3552,23
1331.0,-0.0009,-44.1295,-0.3474,23
1332.0,-0.0009,-43.1295,-0.3395,23
1333.0,-0.0009,-42.1295,-0.3316,23
1334.0,-0.0009,-41.1295,-0.3238,23
1335.0,-0.0009,-40.1295,-0.3159,23
1336.0,-0.0009,-39.1295,-0.3080,23
1337.0,-0.0009,-38.1295,-0.3001,23
1338.0,-0.0009,-37.1295,-0.2923,23
1339.0,-0.0009,-36.1295,-0.2844,23
1340.0,-0.0009,-35.1295,-0.2765,23
1341.0,-0.0009,-34.1295,-0.2687,23
1342.0,-0.0009,-33.1295,-0.2608,23
1343.0,-0.0009,-32.1295,-0.2529,23
1344.0,-0.0009,-31.1295,-0.2450,23
1345.0,-0.0009,-30.1295,-0.2372,23
1346.0,-0.0009,-29.1295,-0.2293,23
1347.0,-0.0009,-28.1295,-0.2214,23
1348.0,-0.0009,-27.1295,-0.2136,23
1349.0,-0.0009,-26.1295,-0.2057,23
1350.0,-0.0009,-25.1295,-0.1978,23
1351.0,-0.0009,-24.1295,-0.1899,23
1352.0,-0.0009,-23.1295,-0.1821,23
1353.0,-0.0009,-22.1295,-0.1742,23
1354.0,-0.0009,-21.1295,-0.1663,23
1355.0,-0.0009,-20.1295,-0.1585,23
1356.0,-0.0009,-19.1295,-0.1506,23
1357.0,-0.0009,-18.1295,-0.1427,23
1358.0,-0.0009,-17.1295,-0.1348,23
1359.0,-0.0009,-16.1295,-0.1270,23
1360.0,-0.0009,-15.1295,-0.1191,23
1361.0,-0.0009,-14.1295,-0.1112,23
1362.0,-0.0009,-13.1295,-0.1034,23
1363.0,-0.0009,-12.1295,-0.0955,23
1364.0,-0.0009,-11.1295,-0.0876,23
1365.0,-0.0009,-10.1295,-0.0797,23
1366.0,-0.0009,-9.1295,-0.0719,23
1367.0,-0.0009,-8.1295,-0.0640,23
1368.0,-0.0009,-7.1295,-0.0561,23
1369.0,-0.0009,-6.1295,-0.0483,23
1370.0,-0.0009,-5.1295,-0.0404,23
1371.0,-0.0009,-4.1295,-0.0325,23
1372.0,-0.0009,-3.1295,-0.0247,23
1373.0,-0.0009,-2.1295,-0.0168,23
1374.0,-0.0009,-1.1295,-0.0089,23
1375.0,-0.0002,-0.1312,-0.0010,23
