distance_m,speed_kmh,gear,lateral_g
0.0,129.15,6,0.000
1.0,129.29,6,0.000
2.0,129.43,6,0.000
3.0,129.57,6,0.000
4.0,129.71,6,0.000
5.0,129.84,6,0.000
6.0,129.97,6,0.000
7.0,130.11,6,0.000
8.0,130.24,6,0.000
9.0,130.36,6,0.000
10.0,130.49,6,0.000
11.0,130.62,6,0.000
12.0,130.74,6,0.000
13.0,130.87,6,0.000
14.0,130.99,6,0.000
15.0,131.11,6,0.000
16.0,131.23,6,0.000
17.0,131.35,6,0.000
18.0,131.47,6,0.000
19.0,131.58,6,0.000
20.0,131.70,6,0.000
21.0,131.81,6,0.000
22.0,131.92,6,0.000
23.0,132.04,6,0.000
24.0,132.15,6,0.000
25.0,132.26,6,0.000
26.0,132.36,6,0.000
27.0,132.47,6,0.000
28.0,132.58,6,0.000
29.0,132.68,6,0.000
30.0,132.78,6,0.000
31.0,132.89,6,0.000
32.0,132.99,6,0.000
33.0,133.09,6,0.000
34.0,133.19,6,0.000
35.0,133.29,6,0.000
36.0,133.38,6,0.000
37.0,133.48,6,0.000
38.0,133.58,6,0.000
39.0,133.67,6,0.000
40.0,133.76,6,0.000
41.0,133.86,6,0.000
42.0,133.95,6,0.000
43.0,134.04,6,0.000
44.0,134.13,6,0.000
45.0,134.22,6,0.000
46.0,134.31,6,0.000
47.0,134.39,6,0.000
48.0,134.48,6,0.000
49.0,134.56,6,0.000
50.0,134.65,6,0.000
51.0,134.73,6,0.000
52.0,134.81,6,0.000
53.0,134.90,6,0.000
54.0,134.98,6,0.000
55.0,135.06,6,0.000
56.0,135.14,6,0.000
57.0,135.22,6,0.000
58.0,135.29,6,0.000
59.0,135.37,6,0.000
60.0,135.45,6,0.000
61.0,135.52,6,0.000
62.0,135.60,6,0.000
63.0,135.67,6,0.000
64.0,135.74,6,0.000
65.0,135.82,6,0.000
66.0,135.89,6,0.000
67.0,135.96,6,0.000
68.0,136.03,6,0.000
69.0,136.10,6,0.000
70.0,136.17,6,0.000
71.0,136.24,6,0.000
72.0,136.30,6,0.000
73.0,136.37,6,0.000
74.0,136.44,6,0.000
75.0,136.50,6,0.000
76.0,136.57,6,0.000
77.0,136.63,6,0.000
78.0,136.70,6,0.000
79.0,136.76,6,0.000
80.0,136.82,6,0.000
81.0,136.88,6,0.000
82.0,136.94,6,0.000
83.0,137.00,6,0.000
84.0,137.06,6,0.000
85.0,137.12,6,0.000
86.0,136.82,6,0.000
87.0,135.40,6,0.000
88.0,134.53,6,1.860
89.0,134.53,6,1.860
90.0,134.53,6,1.860
91.0,134.53,6,1.860
92.0,134.53,6,1.860
93.0,134.53,6,1.860
94.0,134.53,6,1.860
95.0,134.53,6,1.860
96.0,134.53,6,1.860
97.0,134.53,6,1.860
98.0,134.53,6,1.860
99.0,134.53,6,1.860
100.0,134.53,6,1.860
101.0,134.53,6,1.860
102.0,134.53,6,1.860
103.0,134.53,6,1.860
104.0,134.53,6,1.860
105.0,134.53,6,1.860
106.0,134.53,6,1.860
107.0,134.53,6,1.860
108.0,134.53,6,1.860
109.0,134.53,6,1.860
110.0,134.53,6,1.860
111.0,134.53,6,1.860
112.0,134.53,6,1.860
113.0,134.53,6,1.860
114.0,134.53,6,1.860
115.0,134.53,6,1.860
116.0,134.53,6,1.860
117.0,134.53,6,1.860
118.0,134.53,6,1.860
119.0,134.53,6,1.860
120.0,134.53,6,1.860
121.0,134.53,6,1.860
122.0,134.53,6,1.860
123.0,134.53,6,1.860
124.0,134.53,6,1.860
125.0,134.53,6,1.860
126.0,134.53,6,1.860
127.0,134.53,6,1.860
128.0,134.53,6,1.860
129.0,134.53,6,1.860
130.0,134.53,6,1.860
131.0,134.53,6,1.860
132.0,134.53,6,1.860
133.0,134.53,6,1.860
134.0,134.53,6,1.860
135.0,134.53,6,1.860
136.0,134.53,6,1.860
137.0,134.53,6,1.860
138.0,134.53,6,1.860
139.0,134.53,6,1.860
140.0,134.53,6,1.860
141.0,134.53,6,1.860
142.0,134.53,6,1.860
143.0,134.53,6,1.860
144.0,134.53,6,1.860
145.0,134.53,6,1.860
146.0,134.53,6,1.860
147.0,134.53,6,1.860
148.0,134.53,6,1.860
149.0,134.53,6,1.860
150.0,134.53,6,1.860
151.0,134.53,6,1.860
152.0,134.53,6,1.860
153.0,134.53,6,1.860
154.0,134.53,6,1.860
155.0,134.53,6,1.860
156.0,134.53,6,1.860
157.0,134.53,6,1.860
158.0,134.53,6,1.860
159.0,134.53,6,1.860
160.0,134.53,6,1.860
161.0,134.53,6,1.860
162.0,134.53,6,1.860
163.0,134.53,6,1.860
164.0,134.53,6,1.860
165.0,134.53,6,1.860
166.0,134.53,6,1.860
167.0,134.53,6,1.860
168.0,134.53,6,1.860
169.0,134.53,6,1.860
170.0,134.53,6,1.860
171.0,134.53,6,1.860
172.0,134.53,6,1.860
173.0,134.53,6,1.860
174.0,134.53,6,1.860
175.0,134.53,6,1.860
176.0,134.53,6,1.860
177.0,134.53,6,1.860
178.0,134.53,6,1.860
179.0,134.53,6,1.860
180.0,134.53,6,1.860
181.0,134.53,6,1.860
182.0,134.53,6,1.860
183.0,134.53,6,1.860
184.0,134.53,6,1.860
185.0,134.53,6,1.860
186.0,134.53,6,1.860
187.0,134.53,6,1.860
188.0,134.53,6,1.860
189.0,134.53,6,1.860
190.0,134.53,6,1.860
191.0,134.53,6,1.860
192.0,134.53,6,1.860
193.0,134.53,6,1.860
194.0,134.53,6,1.860
195.0,134.53,6,1.860
196.0,134.53,6,1.860
197.0,134.53,6,0.001
198.0,134.58,6,0.000
199.0,134.66,6,0.000
200.0,134.74,6,0.000
201.0,134.83,6,0.000
202.0,134.91,6,0.000
203.0,134.99,6,0.000
204.0,135.07,6,0.000
205.0,135.15,6,0.000
206.0,135.23,6,0.000
207.0,135.31,6,0.000
208.0,135.38,6,0.000
209.0,135.46,6,0.000
210.0,135.53,6,0.000
211.0,135.61,6,0.000
212.0,135.68,6,0.000
213.0,135.76,6,0.000
214.0,135.83,6,0.000
215.0,135.90,6,0.000
216.0,135.97,6,0.000
217.0,136.04,6,0.000
218.0,136.11,6,0.000
219.0,136.18,6,0.000
220.0,136.25,6,0.000
221.0,136.31,6,0.000
222.0,136.38,6,0.000
223.0,136.45,6,0.000
224.0,136.51,6,0.000
225.0,136.58,6,0.000
226.0,136.64,6,0.000
227.0,136.71,6,0.000
228.0,136.77,6,0.000
229.0,136.83,6,0.000
230.0,136.89,6,0.000
231.0,136.95,6,0.000
232.0,137.01,6,0.000
233.0,137.07,6,0.000
234.0,137.13,6,0.000
235.0,137.19,6,0.000
236.0,137.25,6,0.000
237.0,137.31,6,0.000
238.0,137.36,6,0.000
239.0,137.42,6,0.000
240.0,137.48,6,0.000
241.0,137.53,6,0.000
242.0,137.59,6,0.000
243.0,137.64,6,0.000
244.0,137.69,6,0.000
245.0,137.75,6,0.000
246.0,137.80,6,0.000
247.0,137.85,6,0.000
248.0,137.90,6,0.000
249.0,137.95,6,0.000
250.0,138.00,6,0.000
251.0,138.05,6,0.000
252.0,138.10,6,0.000
253.0,138.15,6,0.000
254.0,138.20,6,0.000
255.0,138.25,6,0.000
256.0,138.30,6,0.000
257.0,138.34,6,0.000
258.0,138.39,6,0.000
259.0,138.44,6,0.000
260.0,138.48,6,0.000
261.0,138.53,6,0.000
262.0,138.61,6,0.000
263.0,138.70,6,0.000
264.0,138.79,6,0.000
265.0,138.89,6,0.000
266.0,138.98,6,0.000
267.0,139.07,6,0.000
268.0,139.15,6,0.000
269.0,139.24,6,0.000
270.0,139.33,6,0.000
271.0,139.42,6,0.000
272.0,139.50,6,0.000
273.0,139.58,6,0.000
274.0,139.67,6,0.000
275.0,139.75,6,0.000
276.0,139.83,6,0.000
277.0,139.91,6,0.000
278.0,139.99,6,0.000
279.0,140.07,6,0.000
280.0,140.15,6,0.000
281.0,140.23,6,0.000
282.0,140.31,6,0.000
283.0,140.38,6,0.000
284.0,140.46,6,0.000
285.0,140.53,6,0.000
286.0,140.61,6,0.000
287.0,140.68,6,0.000
288.0,140.75,6,0.000
289.0,140.82,6,0.000
290.0,140.89,6,0.000
291.0,140.96,6,0.000
292.0,141.03,6,0.000
293.0,141.10,6,0.000
294.0,141.17,6,0.000
295.0,141.24,6,0.000
296.0,141.31,6,0.000
297.0,141.37,6,0.000
298.0,141.44,6,0.000
299.0,141.50,6,0.000
300.0,141.57,6,0.000
301.0,141.63,6,0.000
302.0,141.69,6,0.000
303.0,141.75,6,0.000
304.0,141.82,6,0.000
305.0,141.88,6,0.000
306.0,141.94,6,0.000
307.0,142.00,6,0.000
308.0,142.06,6,0.000
309.0,142.12,6,0.000
310.0,142.17,6,0.000
311.0,142.23,6,0.000
312.0,142.29,6,0.000
313.0,142.34,6,0.000
314.0,142.40,6,0.000
315.0,142.46,6,0.000
316.0,142.01,6,0.000
317.0,140.59,6,0.000
318.0,139.16,6,0.000
319.0,137.71,6,0.000
320.0,136.25,6,0.000
321.0,134.77,6,0.000
322.0,133.28,6,0.000
323.0,131.76,6,0.000
324.0,130.24,6,0.000
325.0,129.09,6,0.000
326.0,129.04,6,1.860
327.0,129.04,6,1.860
328.0,129.04,6,1.860
329.0,129.04,6,1.860
330.0,129.04,6,1.860
331.0,129.04,6,1.860
332.0,129.04,6,1.860
333.0,129.04,6,1.860
334.0,129.04,6,1.860
335.0,129.04,6,1.860
336.0,129.04,6,1.860
337.0,129.04,6,1.860
338.0,129.04,6,1.860
339.0,129.04,6,1.860
340.0,129.04,6,1.860
341.0,129.04,6,1.860
342.0,129.04,6,1.860
343.0,129.04,6,1.860
344.0,129.04,6,1.860
345.0,129.04,6,1.860
346.0,129.04,6,1.860
347.0,129.04,6,1.860
348.0,129.04,6,1.860
349.0,129.04,6,1.860
350.0,129.04,6,1.860
351.0,129.04,6,1.860
352.0,129.04,6,1.860
353.0,129.04,6,1.860
354.0,129.04,6,1.860
355.0,129.04,6,1.860
356.0,129.04,6,1.860
357.0,129.04,6,1.860
358.0,129.04,6,1.860
359.0,129.04,6,1.860
360.0,129.04,6,1.860
361.0,129.04,6,1.860
362.0,129.04,6,1.860
363.0,129.04,6,1.860
364.0,129.04,6,1.860
365.0,129.04,6,1.860
366.0,129.04,6,1.860
367.0,129.04,6,1.860
368.0,129.04,6,1.860
369.0,129.04,6,1.860
370.0,129.04,6,1.860
371.0,129.04,6,1.860
372.0,129.04,6,1.860
373.0,129.04,6,1.860
374.0,129.04,6,1.860
375.0,129.04,6,1.860
376.0,129.04,6,1.860
377.0,129.04,6,1.860
378.0,129.04,6,1.860
379.0,129.04,6,1.860
380.0,129.04,6,1.860
381.0,129.04,6,1.860
382.0,129.04,6,1.860
383.0,129.04,6,1.860
384.0,129.04,6,1.860
385.0,129.04,6,1.860
386.0,129.04,6,1.860
387.0,129.04,6,0.002
388.0,129.14,6,0.000
389.0,129.33,6,0.000
390.0,129.53,6,0.000
391.0,129.71,6,0.000
392.0,129.90,6,0.000
393.0,130.09,6,0.000
394.0,130.27,6,0.000
395.0,130.45,6,0.000
396.0,130.63,6,0.000
397.0,130.81,6,0.000
398.0,130.98,6,0.000
399.0,131.16,6,0.000
400.0,131.33,6,0.000
401.0,131.50,6,0.000
402.0,131.66,6,0.000
403.0,131.83,6,0.000
404.0,131.99,6,0.000
405.0,132.16,6,0.000
406.0,132.32,6,0.000
407.0,132.48,6,0.000
408.0,132.63,6,0.000
409.0,132.79,6,0.000
410.0,132.94,6,0.000
411.0,133.10,6,0.000
412.0,133.25,6,0.000
413.0,133.40,6,0.000
414.0,133.54,6,0.000
415.0,133.69,6,0.000
416.0,133.83,6,0.000
417.0,133.98,6,0.000
418.0,134.12,6,0.000
419.0,134.26,6,0.000
420.0,134.40,6,0.000
421.0,134.53,6,0.000
422.0,134.67,6,0.000
423.0,134.80,6,0.000
424.0,134.93,6,0.000
425.0,135.07,6,0.000
426.0,135.20,6,0.000
427.0,135.32,6,0.000
428.0,135.45,6,0.000
429.0,135.58,6,0.000
430.0,135.70,6,0.000
431.0,135.83,6,0.000
432.0,135.95,6,0.000
433.0,136.07,6,0.000
434.0,136.19,6,0.000
435.0,136.31,6,0.000
436.0,136.42,6,0.000
437.0,136.54,6,0.000
438.0,136.65,6,0.000
439.0,136.77,6,0.000
440.0,136.88,6,0.000
441.0,136.99,6,0.000
442.0,137.10,6,0.000
443.0,137.21,6,0.000
444.0,137.32,6,0.000
445.0,137.42,6,0.000
446.0,137.53,6,0.000
447.0,137.63,6,0.000
448.0,137.74,6,0.000
449.0,137.84,6,0.000
450.0,137.94,6,0.000
451.0,138.04,6,0.000
452.0,138.14,6,0.000
453.0,138.24,6,0.000
454.0,138.33,6,0.000
455.0,138.43,6,0.000
456.0,138.52,6,0.000
457.0,138.62,6,0.000
458.0,138.71,6,0.000
459.0,138.80,6,0.000
460.0,138.90,6,0.000
461.0,138.99,6,0.000
462.0,139.08,6,0.000
463.0,139.16,6,0.000
464.0,139.25,6,0.000
465.0,139.34,6,0.000
466.0,139.42,6,0.000
467.0,139.51,6,0.000
468.0,139.59,6,0.000
469.0,139.68,6,0.000
470.0,139.76,6,0.000
471.0,139.84,6,0.000
472.0,139.92,6,0.000
473.0,140.00,6,0.000
474.0,140.08,6,0.000
475.0,140.16,6,0.000
476.0,140.24,6,0.000
477.0,140.31,6,0.000
478.0,140.39,6,0.000
479.0,140.47,6,0.000
480.0,140.54,6,0.000
481.0,140.61,6,0.000
482.0,140.69,6,0.000
483.0,140.76,6,0.000
484.0,140.83,6,0.000
485.0,139.88,6,0.000
486.0,138.44,6,0.000
487.0,136.99,6,0.000
488.0,135.52,6,0.000
489.0,134.03,6,0.000
490.0,132.53,6,0.000
491.0,131.01,6,0.000
492.0,129.47,6,0.000
493.0,127.91,6,0.000
494.0,126.34,5,0.000
495.0,124.74,5,0.000
496.0,123.12,5,0.000
497.0,121.49,5,0.000
498.0,119.83,5,0.000
499.0,118.14,5,0.000
500.0,116.44,5,0.000
501.0,114.70,5,0.000
502.0,112.94,5,0.000
503.0,111.15,5,0.000
504.0,109.34,4,0.000
505.0,107.49,4,0.000
506.0,105.61,4,0.000
507.0,103.70,4,0.000
508.0,101.75,4,0.000
509.0,99.76,4,0.000
510.0,97.73,4,0.000
511.0,95.66,4,0.000
512.0,93.54,4,0.000
513.0,91.37,4,0.000
514.0,89.15,3,0.000
515.0,86.88,3,0.000
516.0,84.54,3,0.000
517.0,82.14,3,0.000
518.0,79.66,3,0.000
519.0,77.11,3,0.000
520.0,74.46,3,0.000
521.0,71.72,3,0.000
522.0,68.87,2,0.000
523.0,65.90,2,0.000
524.0,62.79,2,0.000
525.0,59.51,2,0.000
526.0,56.04,2,0.000
527.0,52.54,1,0.000
528.0,51.97,1,0.998
529.0,51.97,1,0.998
530.0,51.97,1,0.998
531.0,51.97,1,0.998
532.0,51.97,1,0.998
533.0,51.97,1,0.998
534.0,51.97,1,0.998
535.0,51.97,1,0.998
536.0,51.97,1,0.998
537.0,51.97,1,0.998
538.0,51.97,1,0.998
539.0,51.97,1,0.998
540.0,51.97,1,0.998
541.0,51.97,1,0.998
542.0,51.97,1,0.998
543.0,51.97,1,0.998
544.0,51.97,1,0.998
545.0,51.97,1,0.998
546.0,51.97,1,0.998
547.0,51.97,1,0.998
548.0,51.97,1,0.998
549.0,51.97,1,0.998
550.0,51.97,1,0.998
551.0,51.97,1,0.998
552.0,51.97,1,0.998
553.0,51.97,1,0.998
554.0,51.97,1,0.998
555.0,51.97,1,0.998
556.0,51.97,1,0.998
557.0,51.97,1,0.998
558.0,51.97,1,0.998
559.0,51.97,1,0.998
560.0,51.97,1,0.998
561.0,51.97,1,0.998
562.0,51.97,1,0.998
563.0,51.97,1,0.998
564.0,51.97,1,0.998
565.0,51.97,1,0.998
566.0,51.97,1,0.998
567.0,51.97,1,0.998
568.0,51.97,1,0.998
569.0,51.97,1,0.998
570.0,51.97,1,0.998
571.0,51.97,1,0.998
572.0,51.97,1,0.998
573.0,51.97,1,0.998
574.0,52.23,1,0.000
575.0,53.67,2,0.000
576.0,55.12,2,0.000
577.0,56.52,2,0.000
578.0,57.87,2,0.000
579.0,59.19,2,0.000
580.0,60.46,2,0.000
581.0,61.69,2,0.000
582.0,62.88,2,0.000
583.0,64.05,2,0.000
584.0,65.18,2,0.000
585.0,66.28,2,0.000
586.0,67.35,2,0.000
587.0,68.40,2,0.000
588.0,69.42,2,0.000
589.0,70.42,3,0.000
590.0,71.39,3,0.000
591.0,72.35,3,0.000
592.0,73.28,3,0.000
593.0,74.19,3,0.000
594.0,75.08,3,0.000
595.0,75.95,3,0.000
596.0,76.80,3,0.000
597.0,77.64,3,0.000
598.0,78.46,3,0.000
599.0,79.26,3,0.000
600.0,80.05,3,0.000
601.0,80.82,3,0.000
602.0,81.58,3,0.000
603.0,82.32,3,0.000
604.0,83.05,3,0.000
605.0,83.77,3,0.000
606.0,84.48,3,0.000
607.0,85.17,3,0.000
608.0,85.85,3,0.000
609.0,86.52,3,0.000
610.0,87.17,3,0.000
611.0,87.82,3,0.000
612.0,88.45,3,0.000
613.0,89.08,3,0.000
614.0,89.69,3,0.000
615.0,90.30,4,0.000
616.0,90.89,4,0.000
617.0,91.48,4,0.000
618.0,92.05,4,0.000
619.0,92.62,4,0.000
620.0,93.18,4,0.000
621.0,93.73,4,0.000
622.0,94.27,4,0.000
623.0,94.80,4,0.000
624.0,95.33,4,0.000
625.0,95.84,4,0.000
626.0,96.35,4,0.000
627.0,96.85,4,0.000
628.0,97.35,4,0.000
629.0,97.84,4,0.000
630.0,98.32,4,0.000
631.0,98.79,4,0.000
632.0,99.26,4,0.000
633.0,99.72,4,0.000
634.0,100.17,4,0.000
635.0,100.62,4,0.000
636.0,101.06,4,0.000
637.0,101.49,4,0.000
638.0,101.92,4,0.000
639.0,102.35,4,0.000
640.0,102.76,4,0.000
641.0,103.18,4,0.000
642.0,103.58,4,0.000
643.0,103.98,4,0.000
644.0,104.38,4,0.000
645.0,104.77,4,0.000
646.0,105.15,4,0.000
647.0,105.53,4,0.000
648.0,105.91,4,0.000
649.0,106.28,4,0.000
650.0,106.65,4,0.000
651.0,107.01,4,0.000
652.0,107.36,4,0.000
653.0,107.71,4,0.000
654.0,108.06,4,0.000
655.0,108.40,4,0.000
656.0,108.74,4,0.000
657.0,109.08,4,0.000
658.0,109.41,4,0.000
659.0,109.73,5,0.000
660.0,110.06,5,0.000
661.0,110.37,5,0.000
662.0,110.69,5,0.000
663.0,111.00,5,0.000
664.0,111.30,5,0.000
665.0,111.61,5,0.000
666.0,111.90,5,0.000
667.0,112.20,5,0.000
668.0,112.49,5,0.000
669.0,112.78,5,0.000
670.0,113.06,5,0.000
671.0,113.35,5,0.000
672.0,113.62,5,0.000
673.0,113.90,5,0.000
674.0,114.17,5,0.000
675.0,114.44,5,0.000
676.0,114.71,5,0.000
677.0,115.01,5,0.000
678.0,115.31,5,0.000
679.0,115.61,5,0.000
680.0,115.90,5,0.000
681.0,116.19,5,0.000
682.0,116.48,5,0.000
683.0,116.76,5,0.000
684.0,117.04,5,0.000
685.0,117.32,5,0.000
686.0,117.59,5,0.000
687.0,117.86,5,0.000
688.0,118.13,5,0.000
689.0,118.39,5,0.000
690.0,118.65,5,0.000
691.0,118.91,5,0.000
692.0,119.16,5,0.000
693.0,119.41,5,0.000
694.0,119.66,5,0.000
695.0,119.90,5,0.000
696.0,120.15,5,0.000
697.0,120.39,5,0.000
698.0,120.62,5,0.000
699.0,120.86,5,0.000
700.0,121.09,5,0.000
701.0,121.32,5,0.000
702.0,121.54,5,0.000
703.0,121.77,5,0.000
704.0,121.99,5,0.000
705.0,122.21,5,0.000
706.0,122.42,5,0.000
707.0,122.64,5,0.000
708.0,122.85,5,0.000
709.0,123.06,5,0.000
710.0,123.26,5,0.000
711.0,123.47,5,0.000
712.0,123.67,5,0.000
713.0,123.87,5,0.000
714.0,124.07,5,0.000
715.0,124.26,5,0.000
716.0,124.46,5,0.000
717.0,124.65,5,0.000
718.0,124.84,5,0.000
719.0,125.02,5,0.000
720.0,125.21,5,0.000
721.0,125.12,5,0.000
722.0,123.64,5,0.000
723.0,122.07,5,0.000
724.0,120.47,5,0.000
725.0,118.85,5,0.000
726.0,117.21,5,0.000
727.0,115.55,5,0.000
728.0,113.87,5,0.000
729.0,112.15,5,0.000
730.0,110.42,5,0.000
731.0,108.65,4,0.000
732.0,106.85,4,0.000
733.0,105.03,4,0.000
734.0,103.17,4,0.000
735.0,101.49,4,0.000
736.0,101.25,4,1.712
737.0,101.25,4,1.712
738.0,101.25,4,1.712
739.0,101.25,4,1.712
740.0,101.25,4,1.712
741.0,101.25,4,1.712
742.0,101.25,4,1.712
743.0,101.25,4,1.712
744.0,101.25,4,1.712
745.0,101.25,4,1.712
746.0,101.25,4,1.712
747.0,101.25,4,1.712
748.0,101.25,4,1.712
749.0,101.25,4,1.712
750.0,101.25,4,1.712
751.0,101.25,4,1.712
752.0,101.25,4,1.712
753.0,101.25,4,1.712
754.0,101.25,4,1.712
755.0,101.25,4,1.712
756.0,101.25,4,1.712
757.0,101.25,4,1.712
758.0,101.25,4,1.712
759.0,101.25,4,1.712
760.0,101.25,4,1.712
761.0,101.25,4,1.712
762.0,101.25,4,1.712
763.0,101.25,4,1.712
764.0,101.25,4,1.712
765.0,101.25,4,1.712
766.0,101.25,4,1.712
767.0,101.25,4,1.712
768.0,101.37,4,0.000
769.0,101.85,4,0.000
770.0,102.32,4,0.000
771.0,102.78,4,0.000
772.0,103.24,4,0.000
773.0,103.69,4,0.000
774.0,104.14,4,0.000
775.0,104.58,4,0.000
776.0,105.01,4,0.000
777.0,105.44,4,0.000
778.0,105.86,4,0.000
779.0,106.28,4,0.000
780.0,106.69,4,0.000
781.0,107.10,4,0.000
782.0,107.50,4,0.000
783.0,107.89,4,0.000
784.0,108.28,4,0.000
785.0,108.66,4,0.000
786.0,109.04,4,0.000
787.0,109.42,4,0.000
788.0,109.79,5,0.000
789.0,109.93,5,0.000
790.0,108.45,4,0.000
791.0,106.65,4,0.000
792.0,104.82,4,0.000
793.0,102.96,4,0.000
794.0,101.06,4,0.000
795.0,99.13,4,0.000
796.0,97.44,4,0.000
797.0,97.23,4,1.683
798.0,97.23,4,1.683
799.0,97.23,4,1.683
800.0,97.23,4,1.683
801.0,97.23,4,1.683
802.0,97.23,4,1.683
803.0,97.23,4,1.683
804.0,97.23,4,1.683
805.0,97.23,4,1.683
806.0,97.23,4,1.683
807.0,97.23,4,1.683
808.0,97.23,4,1.683
809.0,97.23,4,1.683
810.0,97.23,4,1.683
811.0,97.23,4,1.683
812.0,97.23,4,1.683
813.0,97.23,4,1.683
814.0,97.23,4,1.683
815.0,97.23,4,1.683
816.0,97.23,4,1.683
817.0,97.23,4,1.683
818.0,97.23,4,1.683
819.0,97.23,4,1.683
820.0,97.23,4,1.683
821.0,97.23,4,1.683
822.0,97.23,4,1.683
823.0,97.23,4,1.683
824.0,97.23,4,1.683
825.0,97.23,4,1.683
826.0,97.23,4,1.683
827.0,97.23,4,1.683
828.0,97.23,4,1.683
829.0,97.23,4,1.683
830.0,97.23,4,1.683
831.0,97.23,4,1.683
832.0,97.23,4,1.683
833.0,97.23,4,1.683
834.0,97.23,4,1.683
835.0,97.23,4,1.683
836.0,97.23,4,1.683
837.0,97.23,4,1.683
838.0,97.23,4,1.683
839.0,97.23,4,1.683
840.0,97.23,4,1.683
841.0,97.23,4,1.683
842.0,97.23,4,1.683
843.0,97.23,4,1.683
844.0,97.23,4,1.683
845.0,97.23,4,1.683
846.0,97.23,4,1.683
847.0,97.23,4,1.683
848.0,97.23,4,1.683
849.0,97.54,4,0.000
850.0,98.07,4,0.000
851.0,98.60,4,0.000
852.0,99.12,4,0.000
853.0,99.63,4,0.000
854.0,100.13,4,0.000
855.0,100.63,4,0.000
856.0,101.12,4,0.000
857.0,101.60,4,0.000
858.0,102.07,4,0.000
859.0,102.54,4,0.000
860.0,103.00,4,0.000
861.0,103.46,4,0.000
862.0,103.91,4,0.000
863.0,104.35,4,0.000
864.0,104.79,4,0.000
865.0,105.22,4,0.000
866.0,105.64,4,0.000
867.0,106.06,4,0.000
868.0,106.48,4,0.000
869.0,106.89,4,0.000
870.0,107.29,4,0.000
871.0,107.69,4,0.000
872.0,108.08,4,0.000
873.0,108.47,4,0.000
874.0,108.85,4,0.000
875.0,109.22,4,0.000
876.0,109.60,4,0.000
877.0,109.96,5,0.000
878.0,110.33,5,0.000
879.0,110.69,5,0.000
880.0,111.04,5,0.000
881.0,111.39,5,0.000
882.0,111.73,5,0.000
883.0,112.07,5,0.000
884.0,112.41,5,0.000
885.0,112.74,5,0.000
886.0,113.07,5,0.000
887.0,113.39,5,0.000
888.0,113.71,5,0.000
889.0,114.03,5,0.000
890.0,114.34,5,0.000
891.0,114.65,5,0.000
892.0,114.95,5,0.000
893.0,115.26,5,0.000
894.0,115.55,5,0.000
895.0,115.85,5,0.000
896.0,116.14,5,0.000
897.0,116.42,5,0.000
898.0,116.71,5,0.000
899.0,116.99,5,0.000
900.0,117.26,5,0.000
901.0,117.54,5,0.000
902.0,117.81,5,0.000
903.0,118.07,5,0.000
904.0,118.34,5,0.000
905.0,118.60,5,0.000
906.0,118.85,5,0.000
907.0,119.11,5,0.000
908.0,119.36,5,0.000
909.0,119.61,5,0.000
910.0,119.86,5,0.000
911.0,120.10,5,0.000
912.0,120.34,5,0.000
913.0,120.58,5,0.000
914.0,120.81,5,0.000
915.0,121.04,5,0.000
916.0,121.27,5,0.000
917.0,121.50,5,0.000
918.0,120.17,5,0.000
919.0,118.55,5,0.000
920.0,116.90,5,0.000
921.0,115.24,5,0.000
922.0,113.55,5,0.000
923.0,111.83,5,0.000
924.0,110.09,5,0.000
925.0,108.31,4,0.000
926.0,106.51,4,0.000
927.0,104.68,4,0.000
928.0,102.82,4,0.000
929.0,102.27,4,1.719
930.0,102.27,4,1.719
931.0,102.27,4,1.719
932.0,102.27,4,1.719
933.0,102.27,4,1.719
934.0,102.27,4,1.719
935.0,102.27,4,1.719
936.0,102.27,4,1.719
937.0,102.27,4,1.719
938.0,102.27,4,1.719
939.0,102.27,4,1.719
940.0,102.27,4,1.719
941.0,102.27,4,1.719
942.0,102.27,4,1.719
943.0,102.27,4,1.719
944.0,102.27,4,1.719
945.0,102.27,4,1.719
946.0,102.27,4,1.719
947.0,102.27,4,1.719
948.0,102.27,4,1.719
949.0,102.27,4,1.719
950.0,102.27,4,1.719
951.0,102.27,4,1.719
952.0,102.27,4,1.719
953.0,102.27,4,1.719
954.0,102.27,4,1.719
955.0,102.27,4,1.719
956.0,102.27,4,1.719
957.0,102.27,4,1.719
958.0,102.27,4,1.719
959.0,102.27,4,1.719
960.0,102.27,4,1.719
961.0,102.27,4,1.719
962.0,102.27,4,1.719
963.0,102.27,4,1.719
964.0,102.27,4,1.719
965.0,102.27,4,1.719
966.0,102.27,4,1.719
967.0,102.27,4,1.719
968.0,102.27,4,1.719
969.0,102.27,4,1.719
970.0,102.27,4,1.719
971.0,102.27,4,1.719
972.0,102.27,4,1.719
973.0,102.27,4,1.719
974.0,102.27,4,1.719
975.0,102.27,4,1.719
976.0,102.35,4,0.000
977.0,102.80,4,0.000
978.0,103.25,4,0.000
979.0,103.71,4,0.000
980.0,104.15,4,0.000
981.0,104.59,4,0.000
982.0,105.02,4,0.000
983.0,105.45,4,0.000
984.0,105.87,4,0.000
985.0,106.29,4,0.000
986.0,106.70,4,0.000
987.0,107.11,4,0.000
988.0,107.51,4,0.000
989.0,107.90,4,0.000
990.0,108.29,4,0.000
991.0,108.68,4,0.000
992.0,109.05,4,0.000
993.0,109.43,4,0.000
994.0,109.80,5,0.000
995.0,110.16,5,0.000
996.0,110.52,5,0.000
997.0,110.88,5,0.000
998.0,111.23,5,0.000
999.0,111.58,5,0.000
1000.0,111.92,5,0.000
1001.0,112.26,5,0.000
1002.0,112.59,5,0.000
1003.0,112.92,5,0.000
1004.0,113.25,5,0.000
1005.0,113.57,5,0.000
1006.0,113.89,5,0.000
1007.0,114.20,5,0.000
1008.0,113.38,5,0.000
1009.0,111.66,5,0.000
1010.0,109.91,5,0.000
1011.0,108.14,4,0.000
1012.0,106.33,4,0.000
1013.0,104.50,4,0.000
1014.0,102.63,4,0.000
1015.0,102.27,4,1.719
1016.0,102.27,4,1.719
1017.0,102.27,4,1.719
1018.0,102.27,4,1.719
1019.0,102.27,4,1.719
1020.0,102.27,4,1.719
1021.0,102.27,4,1.719
1022.0,102.27,4,1.719
1023.0,102.27,4,1.719
1024.0,102.27,4,1.719
1025.0,102.27,4,1.719
1026.0,102.27,4,1.719
1027.0,102.27,4,1.719
1028.0,102.27,4,1.719
1029.0,102.27,4,1.719
1030.0,102.27,4,1.719
1031.0,102.27,4,1.719
1032.0,102.27,4,1.719
1033.0,102.27,4,1.719
1034.0,102.27,4,1.719
1035.0,102.27,4,1.719
1036.0,102.27,4,1.719
1037.0,102.27,4,1.719
1038.0,102.27,4,1.719
1039.0,102.27,4,1.719
1040.0,102.27,4,1.719
1041.0,102.27,4,1.719
1042.0,102.27,4,1.719
1043.0,102.27,4,1.719
1044.0,102.27,4,1.719
1045.0,102.27,4,1.719
1046.0,102.27,4,1.719
1047.0,102.27,4,1.719
1048.0,102.27,4,1.719
1049.0,102.27,4,1.719
1050.0,102.27,4,1.719
1051.0,102.27,4,1.719
1052.0,102.27,4,1.719
1053.0,102.27,4,1.719
1054.0,102.27,4,1.719
1055.0,102.27,4,1.719
1056.0,102.27,4,1.719
1057.0,102.27,4,1.719
1058.0,102.27,4,1.719
1059.0,102.27,4,1.719
1060.0,102.27,4,1.719
1061.0,102.27,4,1.719
1062.0,102.38,4,0.000
1063.0,102.84,4,0.000
1064.0,103.30,4,0.000
1065.0,103.75,4,0.000
1066.0,104.20,4,0.000
1067.0,104.63,4,0.000
1068.0,105.07,4,0.000
1069.0,105.49,4,0.000
1070.0,105.92,4,0.000
1071.0,106.33,4,0.000
1072.0,106.74,4,0.000
1073.0,107.15,4,0.000
1074.0,107.55,4,0.000
1075.0,107.94,4,0.000
1076.0,108.33,4,0.000
1077.0,108.71,4,0.000
1078.0,109.09,4,0.000
1079.0,109.47,4,0.000
1080.0,109.84,5,0.000
1081.0,110.20,5,0.000
1082.0,110.56,5,0.000
1083.0,110.92,5,0.000
1084.0,111.27,5,0.000
1085.0,111.61,5,0.000
1086.0,111.95,5,0.000
1087.0,112.29,5,0.000
1088.0,112.63,5,0.000
1089.0,112.95,5,0.000
1090.0,113.28,5,0.000
1091.0,113.60,5,0.000
1092.0,113.92,5,0.000
1093.0,114.23,5,0.000
1094.0,114.54,5,0.000
1095.0,114.85,5,0.000
1096.0,115.15,5,0.000
1097.0,115.45,5,0.000
1098.0,115.74,5,0.000
1099.0,116.03,5,0.000
1100.0,116.32,5,0.000
1101.0,116.61,5,0.000
1102.0,116.89,5,0.000
1103.0,117.17,5,0.000
1104.0,117.44,5,0.000
1105.0,117.71,5,0.000
1106.0,117.98,5,0.000
1107.0,118.24,5,0.000
1108.0,118.51,5,0.000
1109.0,118.76,5,0.000
1110.0,119.02,5,0.000
1111.0,119.27,5,0.000
1112.0,119.52,5,0.000
1113.0,119.77,5,0.000
1114.0,120.01,5,0.000
1115.0,120.25,5,0.000
1116.0,120.49,5,0.000
1117.0,120.73,5,0.000
1118.0,120.96,5,0.000
1119.0,121.19,5,0.000
1120.0,121.42,5,0.000
1121.0,121.64,5,0.000
1122.0,121.87,5,0.000
1123.0,122.09,5,0.000
1124.0,122.31,5,0.000
1125.0,122.52,5,0.000
1126.0,122.73,5,0.000
1127.0,122.94,5,0.000
1128.0,123.15,5,0.000
1129.0,123.36,5,0.000
1130.0,123.56,5,0.000
1131.0,123.76,5,0.000
1132.0,123.96,5,0.000
1133.0,124.16,5,0.000
1134.0,124.23,5,0.000
1135.0,122.71,5,0.000
1136.0,121.12,5,0.000
1137.0,119.51,5,0.000
1138.0,117.88,5,0.000
1139.0,116.23,5,0.000
1140.0,114.55,5,0.000
1141.0,112.85,5,0.000
1142.0,111.90,5,1.796
1143.0,111.90,5,1.796
1144.0,111.90,5,1.796
1145.0,111.90,5,1.796
1146.0,111.90,5,1.796
1147.0,111.90,5,1.796
1148.0,111.90,5,1.796
1149.0,111.90,5,1.796
1150.0,111.90,5,1.796
1151.0,111.90,5,1.796
1152.0,111.90,5,1.796
1153.0,111.90,5,1.796
1154.0,111.90,5,1.796
1155.0,111.90,5,1.796
1156.0,111.90,5,1.796
1157.0,111.90,5,1.796
1158.0,111.90,5,1.796
1159.0,111.90,5,1.796
1160.0,111.90,5,1.796
1161.0,111.90,5,1.796
1162.0,111.90,5,1.796
1163.0,111.90,5,1.796
1164.0,111.90,5,1.796
1165.0,111.90,5,1.796
1166.0,111.90,5,1.796
1167.0,111.90,5,1.796
1168.0,111.90,5,1.796
1169.0,111.90,5,1.796
1170.0,111.90,5,1.796
1171.0,111.90,5,1.796
1172.0,111.90,5,1.796
1173.0,111.90,5,1.796
1174.0,111.90,5,1.796
1175.0,111.90,5,1.796
1176.0,111.90,5,1.796
1177.0,111.90,5,1.796
1178.0,111.90,5,1.796
1179.0,111.90,5,1.796
1180.0,111.90,5,1.796
1181.0,111.90,5,1.796
1182.0,111.90,5,1.796
1183.0,111.90,5,1.796
1184.0,111.90,5,1.796
1185.0,111.90,5,1.796
1186.0,111.90,5,1.796
1187.0,111.90,5,1.796
1188.0,111.90,5,1.796
1189.0,111.90,5,1.796
1190.0,111.90,5,1.796
1191.0,111.90,5,1.796
1192.0,111.90,5,1.796
1193.0,111.90,5,1.796
1194.0,111.90,5,1.796
1195.0,111.90,5,1.796
1196.0,111.90,5,1.796
1197.0,111.90,5,1.796
1198.0,111.90,5,1.796
1199.0,111.90,5,1.796
1200.0,111.90,5,1.796
1201.0,111.90,5,1.796
1202.0,111.90,5,1.796
1203.0,111.90,5,1.796
1204.0,111.90,5,1.796
1205.0,111.90,5,1.796
1206.0,111.90,5,1.796
1207.0,111.90,5,1.796
1208.0,111.90,5,1.796
1209.0,111.90,5,1.796
1210.0,111.90,5,1.796
1211.0,111.90,5,1.796
1212.0,111.90,5,1.796
1213.0,111.90,5,1.796
1214.0,111.90,5,1.796
1215.0,111.90,5,1.796
1216.0,111.90,5,1.796
1217.0,111.90,5,1.796
1218.0,111.90,5,1.796
1219.0,111.90,5,1.796
1220.0,111.90,5,1.796
1221.0,111.90,5,1.796
1222.0,111.90,5,1.796
1223.0,111.90,5,1.796
1224.0,111.90,5,1.796
1225.0,111.90,5,1.796
1226.0,111.90,5,1.796
1227.0,111.90,5,1.796
1228.0,111.90,5,1.796
1229.0,111.90,5,1.796
1230.0,111.90,5,1.796
1231.0,111.90,5,1.796
1232.0,111.90,5,1.796
1233.0,111.90,5,1.796
1234.0,111.90,5,1.796
1235.0,111.90,5,1.796
1236.0,111.90,5,1.796
1237.0,111.90,5,1.796
1238.0,111.90,5,1.796
1239.0,111.90,5,1.796
1240.0,111.90,5,1.796
1241.0,111.90,5,1.796
1242.0,111.90,5,1.796
1243.0,111.90,5,1.796
1244.0,111.90,5,1.796
1245.0,111.90,5,1.796
1246.0,111.90,5,1.796
1247.0,111.90,5,1.796
1248.0,111.90,5,1.796
1249.0,111.90,5,1.796
1250.0,111.90,5,1.796
1251.0,111.90,5,1.796
1252.0,111.90,5,1.796
1253.0,111.90,5,1.796
1254.0,111.90,5,1.796
1255.0,111.90,5,1.796
1256.0,111.90,5,1.796
1257.0,111.90,5,1.796
1258.0,111.90,5,1.796
1259.0,111.90,5,1.796
1260.0,111.90,5,1.796
1261.0,111.90,5,1.796
1262.0,111.90,5,1.796
1263.0,111.90,5,1.796
1264.0,111.90,5,1.796
1265.0,111.90,5,1.796
1266.0,111.90,5,1.796
1267.0,111.90,5,1.796
1268.0,111.90,5,1.796
1269.0,111.90,5,1.796
1270.0,111.90,5,1.796
1271.0,111.90,5,1.796
1272.0,111.90,5,1.796
1273.0,111.90,5,1.796
1274.0,111.90,5,1.796
1275.0,111.90,5,1.796
1276.0,111.90,5,1.796
1277.0,111.90,5,1.796
1278.0,111.90,5,1.796
1279.0,111.90,5,1.796
1280.0,111.90,5,1.796
1281.0,111.90,5,1.796
1282.0,111.90,5,1.796
1283.0,111.90,5,1.796
1284.0,111.90,5,1.796
1285.0,111.90,5,1.796
1286.0,111.90,5,1.796
1287.0,111.90,5,1.796
1288.0,111.90,5,1.796
1289.0,111.90,5,1.796
1290.0,111.90,5,1.796
1291.0,111.90,5,1.796
1292.0,111.90,5,1.796
1293.0,111.90,5,1.796
1294.0,111.90,5,1.796
1295.0,111.90,5,1.796
1296.0,111.90,5,1.796
1297.0,111.90,5,1.796
1298.0,111.93,5,0.000
1299.0,112.24,5,0.000
1300.0,112.57,5,0.000
1301.0,112.90,5,0.000
1302.0,113.23,5,0.000
1303.0,113.55,5,0.000
1304.0,113.87,5,0.000
1305.0,114.18,5,0.000
1306.0,114.49,5,0.000
1307.0,114.80,5,0.000
1308.0,115.10,5,0.000
1309.0,115.40,5,0.000
1310.0,115.69,5,0.000
1311.0,115.99,5,0.000
1312.0,116.27,5,0.000
1313.0,116.56,5,0.000
1314.0,116.84,5,0.000
1315.0,117.12,5,0.000
1316.0,117.39,5,0.000
1317.0,117.67,5,0.000
1318.0,117.93,5,0.000
1319.0,118.20,5,0.000
1320.0,118.46,5,0.000
1321.0,118.72,5,0.000
1322.0,118.98,5,0.000
1323.0,119.23,5,0.000
1324.0,119.48,5,0.000
1325.0,119.73,5,0.000
1326.0,119.97,5,0.000
1327.0,120.21,5,0.000
1328.0,120.45,5,0.000
1329.0,120.69,5,0.000
1330.0,120.92,5,0.000
1331.0,121.15,5,0.000
1332.0,121.38,5,0.000
1333.0,121.61,5,0.000
1334.0,121.83,5,0.000
1335.0,122.05,5,0.000
1336.0,122.27,5,0.000
1337.0,122.48,5,0.000
1338.0,122.70,5,0.000
1339.0,122.91,5,0.000
1340.0,123.12,5,0.000
1341.0,123.32,5,0.000
1342.0,123.53,5,0.000
1343.0,123.73,5,0.000
1344.0,123.93,5,0.000
1345.0,124.12,5,0.000
1346.0,124.32,5,0.000
1347.0,124.51,5,0.000
1348.0,124.70,5,0.000
1349.0,124.89,5,0.000
1350.0,125.08,5,0.000
1351.0,125.26,5,0.000
1352.0,125.44,5,0.000
1353.0,125.62,5,0.000
1354.0,125.80,5,0.000
1355.0,125.98,5,0.000
1356.0,126.15,5,0.000
1357.0,126.33,5,0.000
1358.0,126.50,5,0.000
1359.0,126.67,6,0.000
1360.0,126.83,6,0.000
1361.0,127.00,6,0.000
1362.0,127.16,6,0.000
1363.0,127.32,6,0.000
1364.0,127.48,6,0.000
1365.0,127.64,6,0.000
1366.0,127.80,6,0.000
1367.0,127.95,6,0.000
1368.0,128.11,6,0.000
1369.0,128.26,6,0.000
1370.0,128.41,6,0.000
1371.0,128.56,6,0.000
1372.0,128.70,6,0.000
1373.0,128.85,6,0.000
1374.0,128.99,6,0.000
1375.0,129.13,6,0.000
